2023-09-09 23:38:00.672856, Message from Task_Two at 2023-09-09 23:38:00.664677
2023-09-09 23:38:05.678360, Received: Message from Task_One at 2023-09-09 23:38:05.664789
2023-09-09 23:38:06.676144, Message from Task_Two at 2023-09-09 23:38:06.675021
2023-09-09 23:38:15.696035, Received: Message from Task_One at 2023-09-09 23:38:15.670873
2023-09-09 23:38:16.678190, Message from Task_Two at 2023-09-09 23:38:16.677952
2023-09-09 23:38:19.703674, Received: Message from Task_One at 2023-09-09 23:38:19.672503
2023-09-09 23:38:22.705854, Received: Message from Task_One at 2023-09-09 23:38:22.674612
2023-09-09 23:39:41.804382, Message from Task_Two at 2023-09-09 23:39:41.798600
2023-09-09 23:39:44.809937, Message from Task_Two at 2023-09-09 23:39:44.807818
2023-09-09 23:39:46.831136, Received: Message from Task_One at 2023-09-09 23:39:46.799203
2023-09-09 23:39:48.813179, Message from Task_Two at 2023-09-09 23:39:48.812202
2023-09-09 23:39:54.843221, Received: Message from Task_One at 2023-09-09 23:39:54.803280
2023-09-09 23:39:55.846081, Received: Message from Task_One at 2023-09-09 23:39:55.805121
2023-09-09 23:39:57.816089, Message from Task_Two at 2023-09-09 23:39:57.815658
2023-09-09 23:40:04.818864, Message from Task_Two at 2023-09-09 23:40:04.818419
2023-09-09 23:40:04.858736, Received: Message from Task_One at 2023-09-09 23:40:04.808056
2023-09-09 23:40:07.821570, Message from Task_Two at 2023-09-09 23:40:07.820930
2023-09-09 23:40:10.825081, Message from Task_Two at 2023-09-09 23:40:10.823947
2023-09-09 23:40:11.828144, Message from Task_Two at 2023-09-09 23:40:11.827467
2023-09-09 23:40:14.830263, Message from Task_Two at 2023-09-09 23:40:14.829795
2023-09-09 23:40:14.873515, Received: Message from Task_One at 2023-09-09 23:40:14.810018
2023-09-09 23:40:20.832260, Message from Task_Two at 2023-09-09 23:40:20.831766
2023-09-09 23:40:21.883590, Received: Message from Task_One at 2023-09-09 23:40:21.811815
2023-09-09 23:40:24.833853, Message from Task_Two at 2023-09-09 23:40:24.833590
2023-09-09 23:40:30.896021, Received: Message from Task_One at 2023-09-09 23:40:30.813621
2023-09-09 23:40:31.837756, Message from Task_Two at 2023-09-09 23:40:31.836693
2023-09-09 23:40:31.897570, Received: Message from Task_One at 2023-09-09 23:40:31.816029
2023-09-09 23:40:36.905570, Received: Message from Task_One at 2023-09-09 23:40:36.820175
2023-09-09 23:40:40.841470, Message from Task_Two at 2023-09-09 23:40:40.840449
2023-09-09 23:40:42.846214, Message from Task_Two at 2023-09-09 23:40:42.844786
2023-09-09 23:40:45.919543, Received: Message from Task_One at 2023-09-09 23:40:45.824062
2023-09-09 23:40:51.876100, Message from Task_Two at 2023-09-09 23:40:51.873732
2023-09-09 23:40:54.878809, Message from Task_Two at 2023-09-09 23:40:54.877861
2023-09-09 23:40:54.932280, Received: Message from Task_One at 2023-09-09 23:40:54.827676
2023-09-09 23:40:56.936592, Received: Message from Task_One at 2023-09-09 23:40:56.831353
2023-09-09 23:41:00.882100, Message from Task_Two at 2023-09-09 23:41:00.880941
2023-09-09 23:41:01.888460, Message from Task_Two at 2023-09-09 23:41:01.886544
2023-09-09 23:41:02.944199, Received: Message from Task_One at 2023-09-09 23:41:02.833877
2023-09-09 23:41:07.954193, Received: Message from Task_One at 2023-09-09 23:41:07.844638
2023-09-09 23:41:08.956405, Received: Message from Task_One at 2023-09-09 23:41:08.847570
2023-09-09 23:41:09.891964, Message from Task_Two at 2023-09-09 23:41:09.891095
2023-09-09 23:41:11.894568, Message from Task_Two at 2023-09-09 23:41:11.893033
2023-09-09 23:41:13.963551, Received: Message from Task_One at 2023-09-09 23:41:13.858231
2023-09-09 23:41:15.897990, Message from Task_Two at 2023-09-09 23:41:15.896608
2023-09-09 23:41:18.901812, Message from Task_Two at 2023-09-09 23:41:18.900900
2023-09-09 23:41:21.904774, Message from Task_Two at 2023-09-09 23:41:21.903896
2023-09-09 23:41:21.978250, Received: Message from Task_One at 2023-09-09 23:41:21.860466
2023-09-09 23:41:27.909378, Message from Task_Two at 2023-09-09 23:41:27.908153
2023-09-09 23:41:31.992013, Received: Message from Task_One at 2023-09-09 23:41:31.862575
2023-09-09 23:41:32.912933, Message from Task_Two at 2023-09-09 23:41:32.911518
2023-09-09 23:41:33.917004, Message from Task_Two at 2023-09-09 23:41:33.916215
2023-09-09 23:41:34.920311, Message from Task_Two at 2023-09-09 23:41:34.919584
2023-09-09 23:41:36.997879, Received: Message from Task_One at 2023-09-09 23:41:36.865490
2023-09-09 23:41:39.922326, Message from Task_Two at 2023-09-09 23:41:39.921616
2023-09-09 23:41:41.924740, Message from Task_Two at 2023-09-09 23:41:41.923994
2023-09-09 23:41:42.006701, Received: Message from Task_One at 2023-09-09 23:41:41.868219
2023-09-09 23:41:48.017568, Received: Message from Task_One at 2023-09-09 23:41:47.871128
2023-09-09 23:41:51.926895, Message from Task_Two at 2023-09-09 23:41:51.926358
2023-09-09 23:41:53.024375, Received: Message from Task_One at 2023-09-09 23:41:52.874276
2023-09-09 23:41:54.929227, Message from Task_Two at 2023-09-09 23:41:54.928330
2023-09-09 23:41:55.029204, Received: Message from Task_One at 2023-09-09 23:41:54.877094
2023-09-09 23:41:56.933627, Message from Task_Two at 2023-09-09 23:41:56.931903
2023-09-09 23:42:02.040482, Received: Message from Task_One at 2023-09-09 23:42:01.880354
2023-09-09 23:42:04.937345, Message from Task_Two at 2023-09-09 23:42:04.936104
