2023-09-09 23:38:00.672962, Received: Message from Task_Two at 2023-09-09 23:38:00.664677
2023-09-09 23:38:05.667398, Message from Task_One at 2023-09-09 23:38:05.664789
2023-09-09 23:38:06.679545, Received: Message from Task_Two at 2023-09-09 23:38:06.675021
2023-09-09 23:38:15.671144, Message from Task_One at 2023-09-09 23:38:15.670873
2023-09-09 23:38:16.697173, Received: Message from Task_Two at 2023-09-09 23:38:16.677952
2023-09-09 23:38:19.673049, Message from Task_One at 2023-09-09 23:38:19.672503
2023-09-09 23:38:22.675219, Message from Task_One at 2023-09-09 23:38:22.674612
2023-09-09 23:39:41.805145, Received: Message from Task_Two at 2023-09-09 23:39:41.798600
2023-09-09 23:39:44.829142, Received: Message from Task_Two at 2023-09-09 23:39:44.807818
2023-09-09 23:39:46.800349, Message from Task_One at 2023-09-09 23:39:46.799203
2023-09-09 23:39:48.839019, Received: Message from Task_Two at 2023-09-09 23:39:48.812202
2023-09-09 23:39:54.803992, Message from Task_One at 2023-09-09 23:39:54.803280
2023-09-09 23:39:55.806419, Message from Task_One at 2023-09-09 23:39:55.805121
2023-09-09 23:39:57.850710, Received: Message from Task_Two at 2023-09-09 23:39:57.815658
2023-09-09 23:40:04.808624, Message from Task_One at 2023-09-09 23:40:04.808056
2023-09-09 23:40:04.858807, Received: Message from Task_Two at 2023-09-09 23:40:04.818419
2023-09-09 23:40:07.864804, Received: Message from Task_Two at 2023-09-09 23:40:07.820930
2023-09-09 23:40:10.869064, Received: Message from Task_Two at 2023-09-09 23:40:10.823947
2023-09-09 23:40:11.870513, Received: Message from Task_Two at 2023-09-09 23:40:11.827467
2023-09-09 23:40:14.810478, Message from Task_One at 2023-09-09 23:40:14.810018
2023-09-09 23:40:14.873591, Received: Message from Task_Two at 2023-09-09 23:40:14.829795
2023-09-09 23:40:20.882253, Received: Message from Task_Two at 2023-09-09 23:40:20.831766
2023-09-09 23:40:21.812385, Message from Task_One at 2023-09-09 23:40:21.811815
2023-09-09 23:40:24.889307, Received: Message from Task_Two at 2023-09-09 23:40:24.833590
2023-09-09 23:40:30.814163, Message from Task_One at 2023-09-09 23:40:30.813621
2023-09-09 23:40:31.817712, Message from Task_One at 2023-09-09 23:40:31.816029
2023-09-09 23:40:31.897115, Received: Message from Task_Two at 2023-09-09 23:40:31.836693
2023-09-09 23:40:36.821394, Message from Task_One at 2023-09-09 23:40:36.820175
2023-09-09 23:40:40.913688, Received: Message from Task_Two at 2023-09-09 23:40:40.840449
2023-09-09 23:40:42.916928, Received: Message from Task_Two at 2023-09-09 23:40:42.844786
2023-09-09 23:40:45.825340, Message from Task_One at 2023-09-09 23:40:45.824062
2023-09-09 23:40:51.927580, Received: Message from Task_Two at 2023-09-09 23:40:51.873732
2023-09-09 23:40:54.829855, Message from Task_One at 2023-09-09 23:40:54.827676
2023-09-09 23:40:54.932356, Received: Message from Task_Two at 2023-09-09 23:40:54.877861
2023-09-09 23:40:56.831925, Message from Task_One at 2023-09-09 23:40:56.831353
2023-09-09 23:41:00.941234, Received: Message from Task_Two at 2023-09-09 23:41:00.880941
2023-09-09 23:41:01.943899, Received: Message from Task_Two at 2023-09-09 23:41:01.886544
2023-09-09 23:41:02.835254, Message from Task_One at 2023-09-09 23:41:02.833877
2023-09-09 23:41:07.845607, Message from Task_One at 2023-09-09 23:41:07.844638
2023-09-09 23:41:08.849837, Message from Task_One at 2023-09-09 23:41:08.847570
2023-09-09 23:41:09.956829, Received: Message from Task_Two at 2023-09-09 23:41:09.891095
2023-09-09 23:41:11.961312, Received: Message from Task_Two at 2023-09-09 23:41:11.893033
2023-09-09 23:41:13.858824, Message from Task_One at 2023-09-09 23:41:13.858231
2023-09-09 23:41:15.966708, Received: Message from Task_Two at 2023-09-09 23:41:15.896608
2023-09-09 23:41:18.970475, Received: Message from Task_Two at 2023-09-09 23:41:18.900900
2023-09-09 23:41:21.861104, Message from Task_One at 2023-09-09 23:41:21.860466
2023-09-09 23:41:21.978325, Received: Message from Task_Two at 2023-09-09 23:41:21.903896
2023-09-09 23:41:27.988654, Received: Message from Task_Two at 2023-09-09 23:41:27.908153
2023-09-09 23:41:31.863424, Message from Task_One at 2023-09-09 23:41:31.862575
2023-09-09 23:41:32.992588, Received: Message from Task_Two at 2023-09-09 23:41:32.911518
2023-09-09 23:41:33.994260, Received: Message from Task_Two at 2023-09-09 23:41:33.916215
2023-09-09 23:41:34.996104, Received: Message from Task_Two at 2023-09-09 23:41:34.919584
2023-09-09 23:41:36.866291, Message from Task_One at 2023-09-09 23:41:36.865490
2023-09-09 23:41:40.002672, Received: Message from Task_Two at 2023-09-09 23:41:39.921616
2023-09-09 23:41:41.868888, Message from Task_One at 2023-09-09 23:41:41.868219
2023-09-09 23:41:42.008141, Received: Message from Task_Two at 2023-09-09 23:41:41.923994
2023-09-09 23:41:47.872564, Message from Task_One at 2023-09-09 23:41:47.871128
2023-09-09 23:41:52.022862, Received: Message from Task_Two at 2023-09-09 23:41:51.926358
2023-09-09 23:41:52.875048, Message from Task_One at 2023-09-09 23:41:52.874276
2023-09-09 23:41:54.878476, Message from Task_One at 2023-09-09 23:41:54.877094
2023-09-09 23:41:55.029114, Received: Message from Task_Two at 2023-09-09 23:41:54.928330
2023-09-09 23:41:57.035804, Received: Message from Task_Two at 2023-09-09 23:41:56.931903
2023-09-09 23:42:01.880651, Message from Task_One at 2023-09-09 23:42:01.880354
2023-09-09 23:42:05.043656, Received: Message from Task_Two at 2023-09-09 23:42:04.936104
