trading_session_id,Time,Event Type,Order ID,Trader ID,Size,Price,Direction,LOBSTER_BOOK_0,LOBSTER_BOOK_1,LOBSTER_BOOK_2,LOBSTER_BOOK_3,LOBSTER_BOOK_4,LOBSTER_BOOK_5,LOBSTER_BOOK_6,LOBSTER_BOOK_7,LOBSTER_BOOK_8,LOBSTER_BOOK_9,LOBSTER_BOOK_10,LOBSTER_BOOK_11,LOBSTER_BOOK_12,LOBSTER_BOOK_13,LOBSTER_BOOK_14,LOBSTER_BOOK_15,LOBSTER_BOOK_16,LOBSTER_BOOK_17,LOBSTER_BOOK_18,LOBSTER_BOOK_19,LOBSTER_BOOK_20,LOBSTER_BOOK_21,LOBSTER_BOOK_22,LOBSTER_BOOK_23,LOBSTER_BOOK_24,LOBSTER_BOOK_25,LOBSTER_BOOK_26,LOBSTER_BOOK_27,LOBSTER_BOOK_28,LOBSTER_BOOK_29,LOBSTER_BOOK_30,LOBSTER_BOOK_31,LOBSTER_BOOK_32,LOBSTER_BOOK_33,LOBSTER_BOOK_34,LOBSTER_BOOK_35,LOBSTER_BOOK_36,LOBSTER_BOOK_37,LOBSTER_BOOK_38,LOBSTER_BOOK_39
304cde18-7698-449f-a88c-1208ecf57e72,,1,6655f7ce3602dae1c7cfe3af,,,,,2000.0,0.0,1999.0,0.0,2001.0,0.0,1998.0,0.0,2002.0,0.0,1997.0,0.0,2003.0,0.0,1996.0,0.0,2004.0,0.0,1995.0,0.0,2005.0,0.0,1994.0,0.0,2006.0,0.0,1993.0,0.0,2007.0,0.0,1992.0,0.0,2008.0,0.0,1991.0,0.0,2009.0,0.0,1990.0,0.0
304cde18-7698-449f-a88c-1208ecf57e72,,1,6655f7cf3602dae1c7cfe3b0,NOISE_ecccce90-1187-4297-9eb6-6a997eb44599,1.0,2008.0,-1.0,2008.0,1.0,1999.0,0.0,2009.0,0.0,1998.0,0.0,2010.0,0.0,1997.0,0.0,2011.0,0.0,1996.0,0.0,2012.0,0.0,1995.0,0.0,2013.0,0.0,1994.0,0.0,2014.0,0.0,1993.0,0.0,2015.0,0.0,1992.0,0.0,2016.0,0.0,1991.0,0.0,2017.0,0.0,1990.0,0.0
304cde18-7698-449f-a88c-1208ecf57e72,,1,6655f7cf3602dae1c7cfe3b2,NOISE_ecccce90-1187-4297-9eb6-6a997eb44599,1.0,2013.0,1.0,2000.0,0.0,1999.0,0.0,2001.0,0.0,1998.0,0.0,2002.0,0.0,1997.0,0.0,2003.0,0.0,1996.0,0.0,2004.0,0.0,1995.0,0.0,2005.0,0.0,1994.0,0.0,2006.0,0.0,1993.0,0.0,2007.0,0.0,1992.0,0.0,2008.0,0.0,1991.0,0.0,2009.0,0.0,1990.0,0.0
304cde18-7698-449f-a88c-1208ecf57e72,,1,6655f7cf3602dae1c7cfe3b7,NOISE_ecccce90-1187-4297-9eb6-6a997eb44599,1.0,2006.0,-1.0,2006.0,1.0,1999.0,0.0,2007.0,0.0,1998.0,0.0,2008.0,0.0,1997.0,0.0,2009.0,0.0,1996.0,0.0,2010.0,0.0,1995.0,0.0,2011.0,0.0,1994.0,0.0,2012.0,0.0,1993.0,0.0,2013.0,0.0,1992.0,0.0,2014.0,0.0,1991.0,0.0,2015.0,0.0,1990.0,0.0
304cde18-7698-449f-a88c-1208ecf57e72,,1,6655f7cf3602dae1c7cfe3ba,NOISE_ecccce90-1187-4297-9eb6-6a997eb44599,1.0,2003.0,1.0,2006.0,1.0,2003.0,2.0,2007.0,0.0,2002.0,0.0,2008.0,0.0,2001.0,0.0,2009.0,0.0,2000.0,0.0,2010.0,0.0,1999.0,0.0,2011.0,0.0,1998.0,0.0,2012.0,0.0,1997.0,0.0,2013.0,0.0,1996.0,0.0,2014.0,0.0,1995.0,0.0,2015.0,0.0,1994.0,0.0
304cde18-7698-449f-a88c-1208ecf57e72,,1,6655f7cf3602dae1c7cfe3bc,NOISE_ecccce90-1187-4297-9eb6-6a997eb44599,1.0,2003.0,1.0,2006.0,1.0,2003.0,2.0,2007.0,0.0,2002.0,0.0,2008.0,0.0,2001.0,0.0,2009.0,0.0,2000.0,0.0,2010.0,0.0,1999.0,0.0,2011.0,0.0,1998.0,0.0,2012.0,0.0,1997.0,0.0,2013.0,0.0,1996.0,0.0,2014.0,0.0,1995.0,0.0,2015.0,0.0,1994.0,0.0
304cde18-7698-449f-a88c-1208ecf57e72,,1,6655f7d03602dae1c7cfe3c1,NOISE_ecccce90-1187-4297-9eb6-6a997eb44599,,,,2000.0,0.0,2005.0,1.0,2001.0,0.0,2003.0,1.0,2002.0,0.0,2002.0,0.0,2003.0,0.0,2001.0,0.0,2004.0,0.0,2000.0,0.0,2005.0,0.0,1999.0,0.0,2006.0,0.0,1998.0,0.0,2007.0,0.0,1997.0,0.0,2008.0,0.0,1996.0,0.0,2009.0,0.0,1995.0,0.0
304cde18-7698-449f-a88c-1208ecf57e72,,1,6655f7d03602dae1c7cfe3c4,NOISE_ecccce90-1187-4297-9eb6-6a997eb44599,1.0,2005.0,1.0,2000.0,0.0,2005.0,1.0,2001.0,0.0,2003.0,1.0,2002.0,0.0,2002.0,0.0,2003.0,0.0,2001.0,0.0,2004.0,0.0,2000.0,0.0,2005.0,0.0,1999.0,0.0,2006.0,0.0,1998.0,0.0,2007.0,0.0,1997.0,0.0,2008.0,0.0,1996.0,0.0,2009.0,0.0,1995.0,0.0
304cde18-7698-449f-a88c-1208ecf57e72,,1,6655f7d03602dae1c7cfe3c5,NOISE_ecccce90-1187-4297-9eb6-6a997eb44599,1.0,2009.0,1.0,2000.0,0.0,2005.0,2.0,2001.0,0.0,2003.0,1.0,2002.0,0.0,2002.0,0.0,2003.0,0.0,2001.0,0.0,2004.0,0.0,2000.0,0.0,2005.0,0.0,1999.0,0.0,2006.0,0.0,1998.0,0.0,2007.0,0.0,1997.0,0.0,2008.0,0.0,1996.0,0.0,2009.0,0.0,1995.0,0.0
304cde18-7698-449f-a88c-1208ecf57e72,,1,6655f7d03602dae1c7cfe3c9,NOISE_ecccce90-1187-4297-9eb6-6a997eb44599,1.0,2005.0,1.0,2000.0,0.0,2005.0,1.0,2001.0,0.0,2003.0,1.0,2002.0,0.0,2002.0,0.0,2003.0,0.0,2001.0,0.0,2004.0,0.0,2000.0,0.0,2005.0,0.0,1999.0,0.0,2006.0,0.0,1998.0,0.0,2007.0,0.0,1997.0,0.0,2008.0,0.0,1996.0,0.0,2009.0,0.0,1995.0,0.0
304cde18-7698-449f-a88c-1208ecf57e72,,1,6655f7d03602dae1c7cfe3cd,NOISE_ecccce90-1187-4297-9eb6-6a997eb44599,1.0,2010.0,-1.0,2010.0,1.0,2003.0,1.0,2011.0,0.0,2002.0,0.0,2012.0,0.0,2001.0,0.0,2013.0,0.0,2000.0,0.0,2014.0,0.0,1999.0,0.0,2015.0,0.0,1998.0,0.0,2016.0,0.0,1997.0,0.0,2017.0,0.0,1996.0,0.0,2018.0,0.0,1995.0,0.0,2019.0,0.0,1994.0,0.0
304cde18-7698-449f-a88c-1208ecf57e72,,1,6655f7d03602dae1c7cfe3cf,NOISE_ecccce90-1187-4297-9eb6-6a997eb44599,1.0,2004.0,-1.0,2010.0,1.0,2003.0,1.0,2011.0,0.0,2002.0,0.0,2012.0,0.0,2001.0,0.0,2013.0,0.0,2000.0,0.0,2014.0,0.0,1999.0,0.0,2015.0,0.0,1998.0,0.0,2016.0,0.0,1997.0,0.0,2017.0,0.0,1996.0,0.0,2018.0,0.0,1995.0,0.0,2019.0,0.0,1994.0,0.0
304cde18-7698-449f-a88c-1208ecf57e72,,1,6655f7d13602dae1c7cfe3d4,NOISE_ecccce90-1187-4297-9eb6-6a997eb44599,1.0,1993.0,-1.0,2006.0,1.0,2003.0,1.0,2007.0,0.0,2002.0,0.0,2008.0,0.0,2001.0,0.0,2009.0,1.0,2000.0,0.0,2010.0,1.0,1999.0,0.0,2011.0,0.0,1998.0,0.0,2012.0,0.0,1997.0,0.0,2013.0,0.0,1996.0,0.0,2014.0,0.0,1995.0,0.0,2015.0,0.0,1994.0,0.0
304cde18-7698-449f-a88c-1208ecf57e72,,1,6655f7d13602dae1c7cfe3d5,NOISE_ecccce90-1187-4297-9eb6-6a997eb44599,1.0,2009.0,-1.0,2006.0,1.0,2003.0,1.0,2007.0,0.0,2002.0,0.0,2008.0,0.0,2001.0,0.0,2009.0,1.0,2000.0,0.0,2010.0,1.0,1999.0,0.0,2011.0,0.0,1998.0,0.0,2012.0,0.0,1997.0,0.0,2013.0,0.0,1996.0,0.0,2014.0,0.0,1995.0,0.0,2015.0,0.0,1994.0,0.0
304cde18-7698-449f-a88c-1208ecf57e72,,1,6655f7d13602dae1c7cfe3d8,NOISE_ecccce90-1187-4297-9eb6-6a997eb44599,1.0,2006.0,-1.0,2006.0,1.0,2003.0,1.0,2007.0,0.0,2002.0,0.0,2008.0,0.0,2001.0,0.0,2009.0,1.0,2000.0,0.0,2010.0,1.0,1999.0,0.0,2011.0,0.0,1998.0,0.0,2012.0,0.0,1997.0,0.0,2013.0,0.0,1996.0,0.0,2014.0,0.0,1995.0,0.0,2015.0,0.0,1994.0,0.0
304cde18-7698-449f-a88c-1208ecf57e72,,1,6655f7d13602dae1c7cfe3da,NOISE_ecccce90-1187-4297-9eb6-6a997eb44599,1.0,2006.0,-1.0,2006.0,2.0,2003.0,1.0,2007.0,0.0,2002.0,0.0,2008.0,0.0,2001.0,0.0,2009.0,1.0,2000.0,0.0,2010.0,1.0,1999.0,0.0,2011.0,0.0,1998.0,0.0,2012.0,0.0,1997.0,0.0,2013.0,0.0,1996.0,0.0,2014.0,0.0,1995.0,0.0,2015.0,0.0,1994.0,0.0
304cde18-7698-449f-a88c-1208ecf57e72,,1,6655f7d13602dae1c7cfe3dd,NOISE_ecccce90-1187-4297-9eb6-6a997eb44599,1.0,2011.0,-1.0,2006.0,2.0,2003.0,1.0,2007.0,0.0,2002.0,0.0,2008.0,0.0,2001.0,0.0,2009.0,1.0,2000.0,0.0,2010.0,1.0,1999.0,0.0,2011.0,1.0,1998.0,0.0,2012.0,0.0,1997.0,0.0,2013.0,0.0,1996.0,0.0,2014.0,0.0,1995.0,0.0,2015.0,0.0,1994.0,0.0
304cde18-7698-449f-a88c-1208ecf57e72,,1,6655f7d13602dae1c7cfe3df,NOISE_ecccce90-1187-4297-9eb6-6a997eb44599,,,,2006.0,2.0,1999.0,0.0,2007.0,0.0,1998.0,0.0,2008.0,1.0,1997.0,0.0,2009.0,1.0,1996.0,0.0,2010.0,1.0,1995.0,0.0,2011.0,1.0,1994.0,0.0,2012.0,0.0,1993.0,0.0,2013.0,0.0,1992.0,0.0,2014.0,0.0,1991.0,0.0,2015.0,0.0,1990.0,0.0
304cde18-7698-449f-a88c-1208ecf57e72,,1,6655f7d13602dae1c7cfe3e0,NOISE_ecccce90-1187-4297-9eb6-6a997eb44599,1.0,2008.0,-1.0,2006.0,2.0,1999.0,0.0,2007.0,0.0,1998.0,0.0,2008.0,1.0,1997.0,0.0,2009.0,1.0,1996.0,0.0,2010.0,1.0,1995.0,0.0,2011.0,1.0,1994.0,0.0,2012.0,0.0,1993.0,0.0,2013.0,0.0,1992.0,0.0,2014.0,0.0,1991.0,0.0,2015.0,0.0,1990.0,0.0
304cde18-7698-449f-a88c-1208ecf57e72,,1,6655f7d13602dae1c7cfe3e4,NOISE_ecccce90-1187-4297-9eb6-6a997eb44599,1.0,2002.0,1.0,2006.0,2.0,2002.0,2.0,2007.0,0.0,2001.0,0.0,2008.0,1.0,2000.0,0.0,2009.0,1.0,1999.0,0.0,2010.0,1.0,1998.0,0.0,2011.0,1.0,1997.0,0.0,2012.0,0.0,1996.0,0.0,2013.0,0.0,1995.0,0.0,2014.0,0.0,1994.0,0.0,2015.0,0.0,1993.0,0.0
304cde18-7698-449f-a88c-1208ecf57e72,,1,6655f7d13602dae1c7cfe3e6,NOISE_ecccce90-1187-4297-9eb6-6a997eb44599,1.0,2002.0,1.0,2006.0,2.0,2002.0,2.0,2007.0,0.0,2001.0,0.0,2008.0,1.0,2000.0,0.0,2009.0,1.0,1999.0,0.0,2010.0,1.0,1998.0,0.0,2011.0,1.0,1997.0,0.0,2012.0,0.0,1996.0,0.0,2013.0,0.0,1995.0,0.0,2014.0,0.0,1994.0,0.0,2015.0,0.0,1993.0,0.0
304cde18-7698-449f-a88c-1208ecf57e72,,1,6655f7d13602dae1c7cfe3e8,NOISE_ecccce90-1187-4297-9eb6-6a997eb44599,1.0,2000.0,1.0,2006.0,2.0,2002.0,2.0,2007.0,0.0,2000.0,1.0,2008.0,1.0,1999.0,0.0,2009.0,1.0,1998.0,0.0,2010.0,1.0,1997.0,0.0,2011.0,1.0,1996.0,0.0,2012.0,0.0,1995.0,0.0,2013.0,0.0,1994.0,0.0,2014.0,0.0,1993.0,0.0,2015.0,0.0,1992.0,0.0
304cde18-7698-449f-a88c-1208ecf57e72,,1,6655f7d13602dae1c7cfe3ec,NOISE_ecccce90-1187-4297-9eb6-6a997eb44599,1.0,2006.0,-1.0,2006.0,3.0,2002.0,2.0,2007.0,0.0,2000.0,1.0,2008.0,1.0,1999.0,0.0,2009.0,1.0,1998.0,0.0,2010.0,1.0,1997.0,0.0,2011.0,1.0,1996.0,0.0,2012.0,0.0,1995.0,0.0,2013.0,0.0,1994.0,0.0,2014.0,0.0,1993.0,0.0,2015.0,0.0,1992.0,0.0
304cde18-7698-449f-a88c-1208ecf57e72,,1,6655f7d23602dae1c7cfe3ed,NOISE_ecccce90-1187-4297-9eb6-6a997eb44599,1.0,2003.0,1.0,2006.0,3.0,2003.0,1.0,2007.0,0.0,2002.0,2.0,2008.0,1.0,2000.0,1.0,2009.0,1.0,1999.0,0.0,2010.0,1.0,1998.0,0.0,2011.0,1.0,1997.0,0.0,2012.0,0.0,1996.0,0.0,2013.0,0.0,1995.0,0.0,2014.0,0.0,1994.0,0.0,2015.0,0.0,1993.0,0.0
304cde18-7698-449f-a88c-1208ecf57e72,,1,6655f7d23602dae1c7cfe3f1,NOISE_ecccce90-1187-4297-9eb6-6a997eb44599,1.0,2011.0,-1.0,2006.0,3.0,2003.0,1.0,2007.0,0.0,2002.0,2.0,2008.0,1.0,2000.0,1.0,2009.0,1.0,1999.0,0.0,2010.0,1.0,1998.0,0.0,2011.0,2.0,1997.0,0.0,2012.0,0.0,1996.0,0.0,2013.0,0.0,1995.0,0.0,2014.0,0.0,1994.0,0.0,2015.0,0.0,1993.0,0.0
304cde18-7698-449f-a88c-1208ecf57e72,,1,6655f7d23602dae1c7cfe3f4,NOISE_ecccce90-1187-4297-9eb6-6a997eb44599,1.0,1998.0,1.0,2006.0,3.0,2003.0,1.0,2007.0,0.0,2002.0,2.0,2008.0,1.0,2000.0,1.0,2009.0,2.0,1998.0,1.0,2010.0,1.0,1997.0,0.0,2011.0,2.0,1996.0,0.0,2012.0,0.0,1995.0,0.0,2013.0,0.0,1994.0,0.0,2014.0,0.0,1993.0,0.0,2015.0,0.0,1992.0,0.0
304cde18-7698-449f-a88c-1208ecf57e72,,1,6655f7d23602dae1c7cfe3f6,NOISE_ecccce90-1187-4297-9eb6-6a997eb44599,1.0,2009.0,-1.0,2006.0,3.0,2003.0,1.0,2007.0,0.0,2002.0,2.0,2008.0,1.0,2000.0,1.0,2009.0,1.0,1998.0,1.0,2010.0,1.0,1997.0,0.0,2011.0,2.0,1996.0,0.0,2012.0,0.0,1995.0,0.0,2013.0,0.0,1994.0,0.0,2014.0,0.0,1993.0,0.0,2015.0,0.0,1992.0,0.0
304cde18-7698-449f-a88c-1208ecf57e72,,1,6655f7d23602dae1c7cfe3f9,NOISE_ecccce90-1187-4297-9eb6-6a997eb44599,,,,2006.0,3.0,2003.0,1.0,2007.0,0.0,2002.0,2.0,2008.0,1.0,2000.0,1.0,2009.0,1.0,1998.0,1.0,2010.0,1.0,1997.0,0.0,2011.0,2.0,1996.0,0.0,2012.0,0.0,1995.0,0.0,2013.0,0.0,1994.0,0.0,2014.0,0.0,1993.0,0.0,2015.0,0.0,1992.0,0.0
304cde18-7698-449f-a88c-1208ecf57e72,,1,6655f7d23602dae1c7cfe3fb,NOISE_ecccce90-1187-4297-9eb6-6a997eb44599,1.0,2014.0,-1.0,2006.0,3.0,2003.0,1.0,2007.0,0.0,2002.0,2.0,2008.0,1.0,2000.0,1.0,2009.0,1.0,1998.0,1.0,2010.0,1.0,1997.0,0.0,2011.0,2.0,1996.0,0.0,2012.0,0.0,1995.0,0.0,2013.0,0.0,1994.0,0.0,2014.0,1.0,1993.0,0.0,2015.0,0.0,1992.0,0.0
304cde18-7698-449f-a88c-1208ecf57e72,,1,6655f7d23602dae1c7cfe3fc,NOISE_ecccce90-1187-4297-9eb6-6a997eb44599,1.0,1997.0,1.0,2006.0,3.0,2003.0,1.0,2007.0,0.0,2002.0,2.0,2008.0,1.0,2000.0,1.0,2009.0,1.0,1998.0,1.0,2010.0,1.0,1997.0,1.0,2011.0,2.0,1996.0,0.0,2012.0,0.0,1995.0,0.0,2013.0,0.0,1994.0,0.0,2014.0,1.0,1993.0,0.0,2015.0,0.0,1992.0,0.0
304cde18-7698-449f-a88c-1208ecf57e72,,1,6655f7d33602dae1c7cfe401,NOISE_ecccce90-1187-4297-9eb6-6a997eb44599,1.0,2011.0,-1.0,2006.0,2.0,2003.0,1.0,2007.0,0.0,2002.0,2.0,2008.0,1.0,2000.0,1.0,2009.0,1.0,1998.0,1.0,2010.0,1.0,1997.0,1.0,2011.0,3.0,1996.0,0.0,2012.0,0.0,1995.0,0.0,2013.0,0.0,1994.0,0.0,2014.0,1.0,1993.0,0.0,2015.0,0.0,1992.0,0.0
304cde18-7698-449f-a88c-1208ecf57e72,,1,6655f7d33602dae1c7cfe404,NOISE_ecccce90-1187-4297-9eb6-6a997eb44599,,,,2006.0,2.0,2005.0,1.0,2007.0,0.0,2003.0,1.0,2008.0,1.0,2002.0,2.0,2009.0,1.0,2000.0,1.0,2010.0,1.0,1998.0,1.0,2011.0,3.0,1997.0,1.0,2012.0,0.0,1996.0,0.0,2013.0,0.0,1995.0,0.0,2014.0,1.0,1994.0,0.0,2015.0,0.0,1993.0,0.0
304cde18-7698-449f-a88c-1208ecf57e72,,1,6655f7d33602dae1c7cfe407,NOISE_ecccce90-1187-4297-9eb6-6a997eb44599,1.0,2005.0,1.0,2006.0,2.0,2005.0,1.0,2007.0,0.0,2003.0,1.0,2008.0,1.0,2002.0,2.0,2009.0,1.0,2000.0,1.0,2010.0,1.0,1998.0,1.0,2011.0,3.0,1997.0,1.0,2012.0,0.0,1996.0,0.0,2013.0,0.0,1995.0,0.0,2014.0,1.0,1994.0,0.0,2015.0,0.0,1993.0,0.0
304cde18-7698-449f-a88c-1208ecf57e72,,1,6655f7d33602dae1c7cfe40b,NOISE_ecccce90-1187-4297-9eb6-6a997eb44599,1.0,2005.0,1.0,2006.0,2.0,2003.0,1.0,2007.0,0.0,2002.0,2.0,2008.0,1.0,2000.0,1.0,2009.0,1.0,1998.0,1.0,2010.0,1.0,1997.0,1.0,2011.0,3.0,1996.0,0.0,2012.0,0.0,1995.0,0.0,2013.0,0.0,1994.0,0.0,2014.0,1.0,1993.0,0.0,2015.0,0.0,1992.0,0.0
304cde18-7698-449f-a88c-1208ecf57e72,,1,6655f7d43602dae1c7cfe40f,NOISE_ecccce90-1187-4297-9eb6-6a997eb44599,1.0,2004.0,-1.0,2006.0,2.0,2005.0,1.0,2007.0,0.0,2003.0,1.0,2008.0,1.0,2002.0,2.0,2009.0,0.0,2000.0,2.0,2010.0,1.0,1998.0,1.0,2011.0,3.0,1997.0,1.0,2012.0,0.0,1996.0,0.0,2013.0,0.0,1995.0,0.0,2014.0,1.0,1994.0,0.0,2015.0,0.0,1993.0,0.0
304cde18-7698-449f-a88c-1208ecf57e72,,1,6655f7d43602dae1c7cfe412,NOISE_ecccce90-1187-4297-9eb6-6a997eb44599,1.0,2005.0,1.0,2006.0,2.0,2005.0,1.0,2007.0,0.0,2003.0,1.0,2008.0,1.0,2002.0,2.0,2009.0,0.0,2000.0,2.0,2010.0,1.0,1998.0,1.0,2011.0,3.0,1997.0,1.0,2012.0,0.0,1996.0,0.0,2013.0,0.0,1995.0,0.0,2014.0,1.0,1994.0,0.0,2015.0,0.0,1993.0,0.0
304cde18-7698-449f-a88c-1208ecf57e72,,1,6655f7d43602dae1c7cfe415,NOISE_ecccce90-1187-4297-9eb6-6a997eb44599,,,,2006.0,2.0,2005.0,1.0,2007.0,0.0,2003.0,1.0,2008.0,1.0,2002.0,2.0,2009.0,0.0,2000.0,2.0,2010.0,1.0,1998.0,1.0,2011.0,3.0,1997.0,1.0,2012.0,0.0,1996.0,0.0,2013.0,0.0,1995.0,0.0,2014.0,1.0,1994.0,0.0,2015.0,0.0,1993.0,0.0
304cde18-7698-449f-a88c-1208ecf57e72,,1,6655f7d43602dae1c7cfe416,NOISE_ecccce90-1187-4297-9eb6-6a997eb44599,1.0,2004.0,-1.0,2006.0,2.0,2005.0,1.0,2007.0,0.0,2003.0,1.0,2008.0,1.0,2002.0,2.0,2009.0,0.0,2000.0,2.0,2010.0,1.0,1998.0,1.0,2011.0,3.0,1997.0,1.0,2012.0,0.0,1996.0,0.0,2013.0,0.0,1995.0,0.0,2014.0,1.0,1994.0,0.0,2015.0,0.0,1993.0,0.0
304cde18-7698-449f-a88c-1208ecf57e72,,1,6655f7d53602dae1c7cfe418,NOISE_ecccce90-1187-4297-9eb6-6a997eb44599,1.0,2000.0,1.0,2006.0,2.0,2005.0,1.0,2007.0,0.0,2003.0,1.0,2008.0,1.0,2002.0,2.0,2009.0,0.0,2000.0,2.0,2010.0,1.0,1998.0,1.0,2011.0,3.0,1997.0,1.0,2012.0,0.0,1996.0,0.0,2013.0,0.0,1995.0,0.0,2014.0,1.0,1994.0,0.0,2015.0,0.0,1993.0,0.0
304cde18-7698-449f-a88c-1208ecf57e72,,1,6655f7d53602dae1c7cfe41b,NOISE_ecccce90-1187-4297-9eb6-6a997eb44599,1.0,2004.0,1.0,2006.0,2.0,2005.0,1.0,2007.0,0.0,2004.0,1.0,2008.0,1.0,2003.0,1.0,2009.0,0.0,2002.0,2.0,2010.0,2.0,2000.0,2.0,2011.0,2.0,1998.0,1.0,2012.0,0.0,1997.0,1.0,2013.0,0.0,1996.0,0.0,2014.0,1.0,1995.0,0.0,2015.0,0.0,1994.0,0.0
304cde18-7698-449f-a88c-1208ecf57e72,,1,6655f7d53602dae1c7cfe41d,NOISE_ecccce90-1187-4297-9eb6-6a997eb44599,1.0,2010.0,-1.0,2006.0,2.0,2005.0,1.0,2007.0,0.0,2004.0,1.0,2008.0,1.0,2003.0,1.0,2009.0,0.0,2002.0,2.0,2010.0,2.0,2000.0,2.0,2011.0,2.0,1998.0,1.0,2012.0,0.0,1997.0,1.0,2013.0,0.0,1996.0,0.0,2014.0,1.0,1995.0,0.0,2015.0,0.0,1994.0,0.0
304cde18-7698-449f-a88c-1208ecf57e72,,1,6655f7d53602dae1c7cfe420,NOISE_ecccce90-1187-4297-9eb6-6a997eb44599,,,,2006.0,2.0,2005.0,1.0,2007.0,0.0,2004.0,1.0,2008.0,1.0,2003.0,1.0,2009.0,0.0,2002.0,2.0,2010.0,2.0,2000.0,2.0,2011.0,2.0,1998.0,1.0,2012.0,0.0,1997.0,1.0,2013.0,0.0,1996.0,0.0,2014.0,1.0,1995.0,0.0,2015.0,0.0,1994.0,0.0
304cde18-7698-449f-a88c-1208ecf57e72,,1,6655f7d63602dae1c7cfe423,NOISE_ecccce90-1187-4297-9eb6-6a997eb44599,1.0,2013.0,-1.0,2006.0,2.0,2005.0,1.0,2007.0,0.0,2004.0,1.0,2008.0,2.0,2003.0,1.0,2009.0,0.0,2002.0,2.0,2010.0,2.0,2000.0,2.0,2011.0,2.0,1998.0,1.0,2012.0,0.0,1997.0,1.0,2013.0,1.0,1996.0,0.0,2014.0,1.0,1995.0,0.0,2015.0,0.0,1994.0,0.0
304cde18-7698-449f-a88c-1208ecf57e72,,1,6655f7d63602dae1c7cfe425,NOISE_ecccce90-1187-4297-9eb6-6a997eb44599,1.0,2008.0,-1.0,2006.0,2.0,2005.0,1.0,2007.0,0.0,2004.0,1.0,2008.0,2.0,2003.0,1.0,2009.0,0.0,2002.0,2.0,2010.0,2.0,2000.0,2.0,2011.0,2.0,1998.0,1.0,2012.0,0.0,1997.0,1.0,2013.0,1.0,1996.0,0.0,2014.0,1.0,1995.0,0.0,2015.0,0.0,1994.0,0.0
304cde18-7698-449f-a88c-1208ecf57e72,,1,6655f7d73602dae1c7cfe42b,NOISE_ecccce90-1187-4297-9eb6-6a997eb44599,1.0,2014.0,-1.0,2008.0,2.0,2007.0,1.0,2009.0,0.0,2005.0,1.0,2010.0,1.0,2004.0,1.0,2011.0,2.0,2003.0,1.0,2012.0,0.0,2002.0,2.0,2013.0,1.0,2000.0,2.0,2014.0,2.0,1998.0,1.0,2015.0,0.0,1997.0,1.0,2016.0,0.0,1996.0,0.0,2017.0,0.0,1995.0,0.0
304cde18-7698-449f-a88c-1208ecf57e72,,1,6655f7d73602dae1c7cfe42c,NOISE_ecccce90-1187-4297-9eb6-6a997eb44599,1.0,2006.0,1.0,2008.0,2.0,2007.0,1.0,2009.0,0.0,2005.0,1.0,2010.0,1.0,2004.0,1.0,2011.0,2.0,2003.0,1.0,2012.0,0.0,2002.0,2.0,2013.0,1.0,2000.0,2.0,2014.0,2.0,1998.0,1.0,2015.0,0.0,1997.0,1.0,2016.0,0.0,1996.0,0.0,2017.0,0.0,1995.0,0.0
304cde18-7698-449f-a88c-1208ecf57e72,,1,6655f7d73602dae1c7cfe42f,NOISE_ecccce90-1187-4297-9eb6-6a997eb44599,1.0,2006.0,1.0,2008.0,2.0,2007.0,1.0,2009.0,0.0,2005.0,1.0,2010.0,1.0,2004.0,1.0,2011.0,2.0,2003.0,1.0,2012.0,0.0,2002.0,2.0,2013.0,1.0,2000.0,2.0,2014.0,2.0,1998.0,1.0,2015.0,0.0,1997.0,1.0,2016.0,0.0,1996.0,0.0,2017.0,0.0,1995.0,0.0
304cde18-7698-449f-a88c-1208ecf57e72,,1,6655f7d73602dae1c7cfe432,NOISE_ecccce90-1187-4297-9eb6-6a997eb44599,,,,2008.0,2.0,2007.0,2.0,2009.0,0.0,2005.0,1.0,2010.0,1.0,2004.0,1.0,2011.0,2.0,2003.0,1.0,2012.0,0.0,2002.0,2.0,2013.0,1.0,2000.0,2.0,2014.0,2.0,1998.0,1.0,2015.0,0.0,1997.0,1.0,2016.0,0.0,1996.0,0.0,2017.0,0.0,1995.0,0.0
304cde18-7698-449f-a88c-1208ecf57e72,,1,6655f7d83602dae1c7cfe435,NOISE_ecccce90-1187-4297-9eb6-6a997eb44599,1.0,2007.0,1.0,2008.0,2.0,2007.0,2.0,2009.0,0.0,2005.0,1.0,2010.0,1.0,2004.0,1.0,2011.0,2.0,2003.0,1.0,2012.0,0.0,2002.0,2.0,2013.0,1.0,2000.0,2.0,2014.0,2.0,1998.0,1.0,2015.0,0.0,1997.0,1.0,2016.0,0.0,1996.0,0.0,2017.0,0.0,1995.0,0.0
304cde18-7698-449f-a88c-1208ecf57e72,,1,6655f7dd3602dae1c7cfe439,NOISE_ecccce90-1187-4297-9eb6-6a997eb44599,1.0,2007.0,1.0,2008.0,2.0,2007.0,4.0,2009.0,0.0,2005.0,1.0,2010.0,1.0,2004.0,1.0,2011.0,2.0,2003.0,1.0,2012.0,0.0,2002.0,2.0,2013.0,1.0,2000.0,2.0,2014.0,2.0,1998.0,1.0,2015.0,0.0,1997.0,1.0,2016.0,0.0,1996.0,0.0,2017.0,0.0,1995.0,0.0
304cde18-7698-449f-a88c-1208ecf57e72,,1,6655f7dd3602dae1c7cfe43c,NOISE_ecccce90-1187-4297-9eb6-6a997eb44599,1.0,2007.0,1.0,2008.0,2.0,2007.0,4.0,2009.0,0.0,2005.0,1.0,2010.0,2.0,2004.0,1.0,2011.0,2.0,2003.0,1.0,2012.0,0.0,2002.0,2.0,2013.0,1.0,2000.0,2.0,2014.0,2.0,1998.0,1.0,2015.0,0.0,1997.0,1.0,2016.0,0.0,1996.0,0.0,2017.0,0.0,1995.0,0.0
304cde18-7698-449f-a88c-1208ecf57e72,,1,6655f7de3602dae1c7cfe43e,NOISE_ecccce90-1187-4297-9eb6-6a997eb44599,1.0,2007.0,1.0,2008.0,2.0,2007.0,4.0,2009.0,0.0,2005.0,1.0,2010.0,2.0,2004.0,1.0,2011.0,2.0,2003.0,1.0,2012.0,0.0,2002.0,2.0,2013.0,1.0,2000.0,2.0,2014.0,2.0,1998.0,1.0,2015.0,0.0,1997.0,1.0,2016.0,0.0,1996.0,0.0,2017.0,0.0,1995.0,0.0
304cde18-7698-449f-a88c-1208ecf57e72,,1,6655f7de3602dae1c7cfe440,NOISE_ecccce90-1187-4297-9eb6-6a997eb44599,1.0,2010.0,-1.0,2008.0,2.0,2007.0,4.0,2009.0,0.0,2005.0,1.0,2010.0,2.0,2004.0,1.0,2011.0,2.0,2003.0,1.0,2012.0,0.0,2002.0,2.0,2013.0,1.0,2000.0,2.0,2014.0,2.0,1998.0,1.0,2015.0,0.0,1997.0,1.0,2016.0,0.0,1996.0,0.0,2017.0,0.0,1995.0,0.0
304cde18-7698-449f-a88c-1208ecf57e72,,1,6655f7de3602dae1c7cfe443,NOISE_ecccce90-1187-4297-9eb6-6a997eb44599,1.0,2004.0,1.0,2008.0,2.0,2007.0,5.0,2009.0,0.0,2005.0,1.0,2010.0,2.0,2004.0,2.0,2011.0,2.0,2003.0,1.0,2012.0,0.0,2002.0,2.0,2013.0,1.0,2000.0,3.0,2014.0,2.0,1998.0,1.0,2015.0,0.0,1997.0,1.0,2016.0,0.0,1996.0,0.0,2017.0,0.0,1995.0,0.0
304cde18-7698-449f-a88c-1208ecf57e72,,1,6655f7de3602dae1c7cfe446,INFORMED_855a076d-ae5e-40fa-8ede-2de5527f6975,1.0,2007.0,1.0,2008.0,2.0,2007.0,5.0,2009.0,0.0,2005.0,1.0,2010.0,2.0,2004.0,2.0,2011.0,2.0,2003.0,1.0,2012.0,0.0,2002.0,2.0,2013.0,1.0,2000.0,3.0,2014.0,2.0,1998.0,1.0,2015.0,0.0,1997.0,1.0,2016.0,0.0,1996.0,0.0,2017.0,1.0,1995.0,0.0
304cde18-7698-449f-a88c-1208ecf57e72,,1,6655f7df3602dae1c7cfe448,NOISE_ecccce90-1187-4297-9eb6-6a997eb44599,1.0,2000.0,1.0,2008.0,2.0,2007.0,5.0,2009.0,0.0,2005.0,1.0,2010.0,2.0,2004.0,2.0,2011.0,2.0,2003.0,1.0,2012.0,0.0,2002.0,2.0,2013.0,1.0,2000.0,3.0,2014.0,2.0,1998.0,1.0,2015.0,0.0,1997.0,1.0,2016.0,0.0,1996.0,0.0,2017.0,1.0,1995.0,0.0
304cde18-7698-449f-a88c-1208ecf57e72,,1,6655f7df3602dae1c7cfe44c,NOISE_ecccce90-1187-4297-9eb6-6a997eb44599,1.0,2017.0,-1.0,2008.0,2.0,2007.0,3.0,2009.0,0.0,2005.0,1.0,2010.0,2.0,2004.0,2.0,2011.0,2.0,2003.0,1.0,2012.0,0.0,2002.0,2.0,2013.0,1.0,2000.0,3.0,2014.0,2.0,1998.0,1.0,2015.0,0.0,1997.0,1.0,2016.0,0.0,1996.0,0.0,2017.0,1.0,1995.0,0.0
304cde18-7698-449f-a88c-1208ecf57e72,,1,6655f7df3602dae1c7cfe44f,NOISE_ecccce90-1187-4297-9eb6-6a997eb44599,1.0,2007.0,-1.0,2008.0,2.0,2007.0,3.0,2009.0,0.0,2005.0,1.0,2010.0,2.0,2004.0,2.0,2011.0,2.0,2003.0,1.0,2012.0,0.0,2002.0,2.0,2013.0,1.0,2000.0,3.0,2014.0,2.0,1998.0,1.0,2015.0,0.0,1997.0,1.0,2016.0,0.0,1996.0,0.0,2017.0,1.0,1995.0,0.0
304cde18-7698-449f-a88c-1208ecf57e72,,1,6655f7df3602dae1c7cfe452,NOISE_ecccce90-1187-4297-9eb6-6a997eb44599,1.0,2007.0,-1.0,2008.0,2.0,2007.0,3.0,2009.0,0.0,2005.0,1.0,2010.0,2.0,2004.0,2.0,2011.0,2.0,2003.0,1.0,2012.0,0.0,2002.0,2.0,2013.0,1.0,2000.0,3.0,2014.0,2.0,1998.0,1.0,2015.0,0.0,1997.0,1.0,2016.0,0.0,1996.0,0.0,2017.0,1.0,1995.0,0.0
304cde18-7698-449f-a88c-1208ecf57e72,,1,6655f7df3602dae1c7cfe456,NOISE_ecccce90-1187-4297-9eb6-6a997eb44599,1.0,2012.0,-1.0,2008.0,2.0,2007.0,3.0,2009.0,0.0,2005.0,1.0,2010.0,2.0,2004.0,2.0,2011.0,2.0,2003.0,1.0,2012.0,1.0,2002.0,2.0,2013.0,1.0,2000.0,3.0,2014.0,2.0,1998.0,1.0,2015.0,0.0,1997.0,1.0,2016.0,0.0,1996.0,0.0,2017.0,1.0,1995.0,0.0
304cde18-7698-449f-a88c-1208ecf57e72,,1,6655f7df3602dae1c7cfe459,NOISE_ecccce90-1187-4297-9eb6-6a997eb44599,1.0,2010.0,-1.0,2008.0,2.0,2007.0,3.0,2009.0,0.0,2005.0,1.0,2010.0,3.0,2004.0,2.0,2011.0,2.0,2003.0,1.0,2012.0,1.0,2002.0,2.0,2013.0,1.0,2000.0,3.0,2014.0,2.0,1998.0,1.0,2015.0,0.0,1997.0,1.0,2016.0,0.0,1996.0,0.0,2017.0,1.0,1995.0,0.0
304cde18-7698-449f-a88c-1208ecf57e72,,1,6655f7df3602dae1c7cfe45d,NOISE_ecccce90-1187-4297-9eb6-6a997eb44599,,,,2008.0,2.0,2007.0,3.0,2009.0,0.0,2005.0,1.0,2010.0,3.0,2004.0,2.0,2011.0,2.0,2003.0,1.0,2012.0,1.0,2002.0,2.0,2013.0,1.0,2000.0,3.0,2014.0,2.0,1998.0,1.0,2015.0,0.0,1997.0,1.0,2016.0,0.0,1996.0,0.0,2017.0,0.0,1995.0,0.0
304cde18-7698-449f-a88c-1208ecf57e72,,1,6655f7e03602dae1c7cfe463,NOISE_ecccce90-1187-4297-9eb6-6a997eb44599,1.0,2008.0,1.0,2010.0,3.0,2007.0,3.0,2011.0,2.0,2005.0,1.0,2012.0,1.0,2004.0,2.0,2013.0,1.0,2003.0,1.0,2014.0,2.0,2002.0,2.0,2015.0,0.0,2000.0,3.0,2016.0,0.0,1998.0,1.0,2017.0,0.0,1997.0,1.0,2018.0,0.0,1996.0,0.0,2019.0,0.0,1995.0,0.0
304cde18-7698-449f-a88c-1208ecf57e72,,1,6655f7e03602dae1c7cfe467,NOISE_ecccce90-1187-4297-9eb6-6a997eb44599,1.0,2008.0,1.0,2010.0,3.0,2007.0,3.0,2011.0,2.0,2005.0,1.0,2012.0,1.0,2004.0,2.0,2013.0,1.0,2003.0,1.0,2014.0,2.0,2002.0,2.0,2015.0,0.0,2000.0,3.0,2016.0,0.0,1998.0,1.0,2017.0,0.0,1997.0,1.0,2018.0,0.0,1996.0,0.0,2019.0,0.0,1995.0,0.0
304cde18-7698-449f-a88c-1208ecf57e72,,1,6655f7e03602dae1c7cfe469,NOISE_ecccce90-1187-4297-9eb6-6a997eb44599,1.0,2008.0,-1.0,2008.0,2.0,2007.0,3.0,2009.0,0.0,2005.0,1.0,2010.0,3.0,2004.0,2.0,2011.0,2.0,2003.0,1.0,2012.0,1.0,2002.0,2.0,2013.0,1.0,2000.0,3.0,2014.0,2.0,1998.0,1.0,2015.0,0.0,1997.0,1.0,2016.0,0.0,1996.0,0.0,2017.0,0.0,1995.0,0.0
304cde18-7698-449f-a88c-1208ecf57e72,,1,6655f7e03602dae1c7cfe46c,NOISE_ecccce90-1187-4297-9eb6-6a997eb44599,1.0,2008.0,-1.0,2008.0,2.0,2007.0,3.0,2009.0,0.0,2005.0,1.0,2010.0,3.0,2004.0,2.0,2011.0,3.0,2003.0,1.0,2012.0,1.0,2002.0,2.0,2013.0,1.0,2000.0,3.0,2014.0,2.0,1998.0,1.0,2015.0,0.0,1997.0,1.0,2016.0,0.0,1996.0,0.0,2017.0,0.0,1995.0,0.0
304cde18-7698-449f-a88c-1208ecf57e72,,1,6655f7e03602dae1c7cfe46f,NOISE_ecccce90-1187-4297-9eb6-6a997eb44599,1.0,2011.0,-1.0,2008.0,1.0,2007.0,3.0,2009.0,0.0,2005.0,1.0,2010.0,3.0,2004.0,2.0,2011.0,3.0,2003.0,1.0,2012.0,1.0,2002.0,2.0,2013.0,1.0,2000.0,3.0,2014.0,2.0,1998.0,1.0,2015.0,0.0,1997.0,1.0,2016.0,0.0,1996.0,0.0,2017.0,0.0,1995.0,0.0
304cde18-7698-449f-a88c-1208ecf57e72,,1,6655f7e03602dae1c7cfe470,NOISE_ecccce90-1187-4297-9eb6-6a997eb44599,,,,2008.0,1.0,2007.0,3.0,2009.0,0.0,2005.0,1.0,2010.0,3.0,2004.0,2.0,2011.0,3.0,2003.0,1.0,2012.0,1.0,2002.0,2.0,2013.0,1.0,2000.0,3.0,2014.0,2.0,1998.0,1.0,2015.0,0.0,1997.0,1.0,2016.0,0.0,1996.0,0.0,2017.0,0.0,1995.0,0.0
304cde18-7698-449f-a88c-1208ecf57e72,,1,6655f7e13602dae1c7cfe472,NOISE_ecccce90-1187-4297-9eb6-6a997eb44599,1.0,2002.0,1.0,2008.0,1.0,2007.0,3.0,2009.0,0.0,2005.0,1.0,2010.0,2.0,2004.0,2.0,2011.0,3.0,2003.0,1.0,2012.0,1.0,2002.0,3.0,2013.0,1.0,2000.0,3.0,2014.0,2.0,1998.0,1.0,2015.0,0.0,1997.0,1.0,2016.0,0.0,1996.0,0.0,2017.0,0.0,1995.0,0.0
304cde18-7698-449f-a88c-1208ecf57e72,,1,6655f7e13602dae1c7cfe474,NOISE_ecccce90-1187-4297-9eb6-6a997eb44599,,,,2008.0,1.0,2007.0,3.0,2009.0,0.0,2005.0,1.0,2010.0,2.0,2004.0,2.0,2011.0,3.0,2003.0,1.0,2012.0,1.0,2002.0,3.0,2013.0,1.0,2000.0,3.0,2014.0,2.0,1998.0,1.0,2015.0,0.0,1997.0,1.0,2016.0,0.0,1996.0,0.0,2017.0,0.0,1995.0,0.0
304cde18-7698-449f-a88c-1208ecf57e72,,1,6655f7e13602dae1c7cfe478,NOISE_ecccce90-1187-4297-9eb6-6a997eb44599,,,,2008.0,1.0,2007.0,1.0,2009.0,0.0,2004.0,2.0,2010.0,2.0,2003.0,1.0,2011.0,3.0,2002.0,3.0,2012.0,1.0,2000.0,3.0,2013.0,1.0,1998.0,1.0,2014.0,2.0,1997.0,1.0,2015.0,0.0,1996.0,0.0,2016.0,0.0,1995.0,0.0,2017.0,0.0,1994.0,0.0
304cde18-7698-449f-a88c-1208ecf57e72,,1,6655f7e13602dae1c7cfe47d,NOISE_ecccce90-1187-4297-9eb6-6a997eb44599,1.0,2007.0,-1.0,2008.0,1.0,2007.0,1.0,2009.0,0.0,2004.0,2.0,2010.0,2.0,2003.0,1.0,2011.0,3.0,2002.0,3.0,2012.0,1.0,2000.0,3.0,2013.0,1.0,1998.0,1.0,2014.0,2.0,1997.0,1.0,2015.0,0.0,1996.0,0.0,2016.0,0.0,1995.0,0.0,2017.0,0.0,1994.0,0.0
304cde18-7698-449f-a88c-1208ecf57e72,,1,6655f7e13602dae1c7cfe47e,NOISE_ecccce90-1187-4297-9eb6-6a997eb44599,1.0,2007.0,-1.0,2008.0,1.0,2007.0,1.0,2009.0,0.0,2004.0,2.0,2010.0,2.0,2003.0,1.0,2011.0,3.0,2002.0,3.0,2012.0,1.0,2000.0,3.0,2013.0,1.0,1998.0,1.0,2014.0,2.0,1997.0,1.0,2015.0,0.0,1996.0,0.0,2016.0,0.0,1995.0,0.0,2017.0,0.0,1994.0,0.0
304cde18-7698-449f-a88c-1208ecf57e72,,1,6655f7e13602dae1c7cfe481,NOISE_ecccce90-1187-4297-9eb6-6a997eb44599,1.0,2010.0,-1.0,2008.0,1.0,2007.0,1.0,2009.0,0.0,2004.0,2.0,2010.0,3.0,2003.0,1.0,2011.0,3.0,2002.0,3.0,2012.0,1.0,2000.0,3.0,2013.0,1.0,1998.0,1.0,2014.0,2.0,1997.0,1.0,2015.0,0.0,1996.0,0.0,2016.0,0.0,1995.0,0.0,2017.0,0.0,1994.0,0.0
304cde18-7698-449f-a88c-1208ecf57e72,,1,6655f7e23602dae1c7cfe488,NOISE_ecccce90-1187-4297-9eb6-6a997eb44599,1.0,2007.0,-1.0,2007.0,1.0,2004.0,2.0,2008.0,1.0,2003.0,1.0,2009.0,0.0,2002.0,3.0,2010.0,3.0,2000.0,3.0,2011.0,3.0,1998.0,1.0,2012.0,1.0,1997.0,1.0,2013.0,1.0,1996.0,0.0,2014.0,2.0,1995.0,0.0,2015.0,0.0,1994.0,0.0,2016.0,0.0,1993.0,0.0
304cde18-7698-449f-a88c-1208ecf57e72,,1,6655f7e23602dae1c7cfe48c,NOISE_ecccce90-1187-4297-9eb6-6a997eb44599,1.0,2007.0,-1.0,2007.0,1.0,2004.0,2.0,2008.0,1.0,2003.0,1.0,2009.0,0.0,2002.0,3.0,2010.0,3.0,2000.0,4.0,2011.0,3.0,1998.0,1.0,2012.0,1.0,1997.0,1.0,2013.0,1.0,1996.0,0.0,2014.0,2.0,1995.0,0.0,2015.0,0.0,1994.0,0.0,2016.0,0.0,1993.0,0.0
304cde18-7698-449f-a88c-1208ecf57e72,,1,6655f7e23602dae1c7cfe48e,NOISE_ecccce90-1187-4297-9eb6-6a997eb44599,1.0,2000.0,1.0,2007.0,1.0,2004.0,2.0,2008.0,1.0,2003.0,1.0,2009.0,0.0,2002.0,3.0,2010.0,3.0,2000.0,4.0,2011.0,3.0,1998.0,1.0,2012.0,1.0,1997.0,1.0,2013.0,1.0,1996.0,0.0,2014.0,2.0,1995.0,0.0,2015.0,0.0,1994.0,0.0,2016.0,0.0,1993.0,0.0
304cde18-7698-449f-a88c-1208ecf57e72,,1,6655f7e23602dae1c7cfe490,NOISE_ecccce90-1187-4297-9eb6-6a997eb44599,1.0,2012.0,-1.0,2007.0,1.0,2004.0,2.0,2008.0,1.0,2003.0,1.0,2009.0,0.0,2002.0,3.0,2010.0,3.0,2000.0,4.0,2011.0,3.0,1998.0,1.0,2012.0,2.0,1997.0,1.0,2013.0,1.0,1996.0,0.0,2014.0,2.0,1995.0,0.0,2015.0,0.0,1994.0,0.0,2016.0,0.0,1993.0,0.0
304cde18-7698-449f-a88c-1208ecf57e72,,1,6655f7e33602dae1c7cfe494,NOISE_ecccce90-1187-4297-9eb6-6a997eb44599,1.0,2014.0,-1.0,2007.0,1.0,2004.0,2.0,2008.0,1.0,2003.0,1.0,2009.0,0.0,2002.0,3.0,2010.0,3.0,2000.0,4.0,2011.0,3.0,1998.0,1.0,2012.0,2.0,1997.0,1.0,2013.0,1.0,1996.0,0.0,2014.0,3.0,1995.0,0.0,2015.0,0.0,1994.0,0.0,2016.0,0.0,1993.0,0.0
304cde18-7698-449f-a88c-1208ecf57e72,,1,6655f7e33602dae1c7cfe495,NOISE_ecccce90-1187-4297-9eb6-6a997eb44599,,,,2007.0,1.0,2004.0,1.0,2008.0,1.0,2003.0,1.0,2009.0,0.0,2002.0,3.0,2010.0,3.0,2000.0,4.0,2011.0,3.0,1998.0,1.0,2012.0,2.0,1997.0,1.0,2013.0,1.0,1996.0,0.0,2014.0,4.0,1995.0,0.0,2015.0,0.0,1994.0,0.0,2016.0,0.0,1993.0,0.0
304cde18-7698-449f-a88c-1208ecf57e72,,1,6655f7e43602dae1c7cfe498,NOISE_ecccce90-1187-4297-9eb6-6a997eb44599,1.0,2014.0,-1.0,2007.0,1.0,2004.0,1.0,2008.0,1.0,2003.0,1.0,2009.0,0.0,2002.0,3.0,2010.0,3.0,2000.0,4.0,2011.0,3.0,1998.0,1.0,2012.0,2.0,1997.0,1.0,2013.0,1.0,1996.0,0.0,2014.0,4.0,1995.0,0.0,2015.0,0.0,1994.0,0.0,2016.0,0.0,1993.0,0.0
304cde18-7698-449f-a88c-1208ecf57e72,,1,6655f7e43602dae1c7cfe49b,NOISE_ecccce90-1187-4297-9eb6-6a997eb44599,,,,2005.0,1.0,2004.0,1.0,2006.0,0.0,2003.0,1.0,2007.0,1.0,2002.0,2.0,2008.0,1.0,2000.0,4.0,2009.0,0.0,1998.0,1.0,2010.0,3.0,1997.0,1.0,2011.0,3.0,1996.0,0.0,2012.0,2.0,1995.0,0.0,2013.0,1.0,1994.0,0.0,2014.0,4.0,1993.0,0.0
304cde18-7698-449f-a88c-1208ecf57e72,,1,6655f7e43602dae1c7cfe49d,NOISE_ecccce90-1187-4297-9eb6-6a997eb44599,1.0,2005.0,-1.0,2005.0,1.0,2004.0,1.0,2006.0,0.0,2003.0,1.0,2007.0,1.0,2002.0,2.0,2008.0,1.0,2000.0,4.0,2009.0,0.0,1998.0,1.0,2010.0,3.0,1997.0,1.0,2011.0,3.0,1996.0,0.0,2012.0,2.0,1995.0,0.0,2013.0,1.0,1994.0,0.0,2014.0,4.0,1993.0,0.0
304cde18-7698-449f-a88c-1208ecf57e72,,1,6655f7e53602dae1c7cfe49f,NOISE_ecccce90-1187-4297-9eb6-6a997eb44599,1.0,2005.0,-1.0,2005.0,2.0,2004.0,1.0,2006.0,0.0,2003.0,1.0,2007.0,1.0,2002.0,2.0,2008.0,1.0,2000.0,4.0,2009.0,0.0,1998.0,1.0,2010.0,3.0,1997.0,1.0,2011.0,3.0,1996.0,0.0,2012.0,2.0,1995.0,0.0,2013.0,1.0,1994.0,0.0,2014.0,4.0,1993.0,0.0
304cde18-7698-449f-a88c-1208ecf57e72,,1,6655f7e53602dae1c7cfe4a2,NOISE_ecccce90-1187-4297-9eb6-6a997eb44599,1.0,2007.0,-1.0,2005.0,2.0,2004.0,1.0,2006.0,0.0,2003.0,1.0,2007.0,2.0,2002.0,2.0,2008.0,1.0,2000.0,4.0,2009.0,0.0,1998.0,1.0,2010.0,3.0,1997.0,1.0,2011.0,3.0,1996.0,0.0,2012.0,2.0,1995.0,0.0,2013.0,1.0,1994.0,0.0,2014.0,4.0,1993.0,0.0
304cde18-7698-449f-a88c-1208ecf57e72,,1,6655f7e63602dae1c7cfe4a7,NOISE_ecccce90-1187-4297-9eb6-6a997eb44599,1.0,2004.0,-1.0,2004.0,1.0,2003.0,1.0,2005.0,2.0,2002.0,2.0,2006.0,0.0,2000.0,4.0,2007.0,2.0,1998.0,1.0,2008.0,1.0,1997.0,1.0,2010.0,3.0,1996.0,0.0,2011.0,3.0,1995.0,0.0,2012.0,2.0,1994.0,0.0,2013.0,1.0,1993.0,0.0,2014.0,4.0,1992.0,0.0
304cde18-7698-449f-a88c-1208ecf57e72,,1,6655f7e63602dae1c7cfe4a8,NOISE_ecccce90-1187-4297-9eb6-6a997eb44599,1.0,2004.0,-1.0,2004.0,1.0,2003.0,1.0,2005.0,2.0,2002.0,2.0,2006.0,0.0,2000.0,4.0,2007.0,2.0,1998.0,1.0,2008.0,1.0,1997.0,1.0,2010.0,3.0,1996.0,0.0,2011.0,3.0,1995.0,0.0,2012.0,2.0,1994.0,0.0,2013.0,1.0,1993.0,0.0,2014.0,4.0,1992.0,0.0
304cde18-7698-449f-a88c-1208ecf57e72,,1,6655f7e63602dae1c7cfe4ab,NOISE_ecccce90-1187-4297-9eb6-6a997eb44599,1.0,2004.0,-1.0,2004.0,3.0,2003.0,1.0,2005.0,2.0,2002.0,2.0,2006.0,0.0,2000.0,4.0,2007.0,2.0,1998.0,1.0,2008.0,1.0,1997.0,1.0,2010.0,3.0,1996.0,0.0,2011.0,3.0,1995.0,0.0,2012.0,2.0,1994.0,0.0,2013.0,1.0,1993.0,0.0,2014.0,4.0,1992.0,0.0
304cde18-7698-449f-a88c-1208ecf57e72,,1,6655f7e73602dae1c7cfe4ad,NOISE_ecccce90-1187-4297-9eb6-6a997eb44599,1.0,2004.0,-1.0,2004.0,3.0,2003.0,1.0,2005.0,3.0,2002.0,2.0,2006.0,0.0,2000.0,4.0,2007.0,2.0,1998.0,1.0,2008.0,1.0,1997.0,1.0,2010.0,3.0,1996.0,0.0,2011.0,3.0,1995.0,0.0,2012.0,2.0,1994.0,0.0,2013.0,1.0,1993.0,0.0,2014.0,4.0,1992.0,0.0
304cde18-7698-449f-a88c-1208ecf57e72,,1,6655f7e73602dae1c7cfe4af,NOISE_ecccce90-1187-4297-9eb6-6a997eb44599,1.0,2005.0,-1.0,2004.0,3.0,2003.0,1.0,2005.0,4.0,2002.0,2.0,2006.0,0.0,2000.0,4.0,2007.0,2.0,1998.0,1.0,2008.0,1.0,1997.0,1.0,2010.0,3.0,1996.0,0.0,2011.0,3.0,1995.0,0.0,2012.0,2.0,1994.0,0.0,2013.0,1.0,1993.0,0.0,2014.0,4.0,1992.0,0.0
304cde18-7698-449f-a88c-1208ecf57e72,,1,6655f7e83602dae1c7cfe4b2,NOISE_ecccce90-1187-4297-9eb6-6a997eb44599,1.0,2005.0,-1.0,2004.0,3.0,2003.0,1.0,2005.0,4.0,2002.0,2.0,2006.0,0.0,2000.0,4.0,2007.0,2.0,1998.0,1.0,2008.0,1.0,1997.0,1.0,2010.0,3.0,1995.0,1.0,2011.0,3.0,1994.0,0.0,2012.0,2.0,1993.0,0.0,2013.0,1.0,1992.0,0.0,2014.0,4.0,1991.0,0.0
304cde18-7698-449f-a88c-1208ecf57e72,,1,6655f7e83602dae1c7cfe4b4,NOISE_ecccce90-1187-4297-9eb6-6a997eb44599,1.0,1995.0,1.0,2004.0,3.0,2003.0,1.0,2005.0,4.0,2002.0,2.0,2006.0,0.0,2000.0,4.0,2007.0,2.0,1999.0,1.0,2008.0,1.0,1998.0,1.0,2010.0,3.0,1997.0,1.0,2011.0,3.0,1995.0,1.0,2012.0,2.0,1994.0,0.0,2013.0,1.0,1993.0,0.0,2014.0,4.0,1992.0,0.0
304cde18-7698-449f-a88c-1208ecf57e72,,1,6655f7e83602dae1c7cfe4b6,NOISE_ecccce90-1187-4297-9eb6-6a997eb44599,1.0,1999.0,1.0,2004.0,3.0,2003.0,1.0,2005.0,4.0,2002.0,2.0,2006.0,0.0,2000.0,4.0,2007.0,2.0,1999.0,1.0,2008.0,1.0,1997.0,1.0,2010.0,3.0,1995.0,1.0,2011.0,3.0,1994.0,0.0,2012.0,2.0,1993.0,0.0,2013.0,1.0,1992.0,0.0,2014.0,4.0,1991.0,0.0
304cde18-7698-449f-a88c-1208ecf57e72,,1,6655f7e93602dae1c7cfe4b8,NOISE_ecccce90-1187-4297-9eb6-6a997eb44599,,,,2004.0,3.0,2003.0,1.0,2005.0,4.0,2002.0,2.0,2006.0,0.0,2000.0,4.0,2007.0,2.0,1999.0,1.0,2008.0,2.0,1997.0,1.0,2010.0,3.0,1995.0,1.0,2011.0,3.0,1994.0,0.0,2012.0,2.0,1993.0,0.0,2013.0,1.0,1992.0,0.0,2014.0,4.0,1991.0,0.0
304cde18-7698-449f-a88c-1208ecf57e72,,1,6655f7e93602dae1c7cfe4ba,NOISE_ecccce90-1187-4297-9eb6-6a997eb44599,1.0,2008.0,-1.0,2004.0,2.0,2003.0,1.0,2005.0,4.0,2002.0,2.0,2006.0,0.0,2000.0,4.0,2007.0,2.0,1999.0,1.0,2008.0,2.0,1997.0,1.0,2010.0,3.0,1995.0,1.0,2011.0,3.0,1994.0,0.0,2012.0,2.0,1993.0,0.0,2013.0,1.0,1992.0,0.0,2014.0,4.0,1991.0,0.0
304cde18-7698-449f-a88c-1208ecf57e72,,1,6655f7ea3602dae1c7cfe4bf,NOISE_ecccce90-1187-4297-9eb6-6a997eb44599,1.0,2002.0,1.0,2004.0,1.0,2003.0,1.0,2005.0,4.0,2002.0,3.0,2006.0,0.0,2000.0,4.0,2007.0,2.0,1999.0,1.0,2008.0,2.0,1997.0,1.0,2010.0,3.0,1995.0,1.0,2011.0,3.0,1994.0,0.0,2012.0,2.0,1993.0,0.0,2013.0,1.0,1992.0,0.0,2014.0,3.0,1991.0,0.0
304cde18-7698-449f-a88c-1208ecf57e72,,1,6655f7ea3602dae1c7cfe4c1,NOISE_ecccce90-1187-4297-9eb6-6a997eb44599,1.0,2004.0,1.0,2004.0,1.0,2003.0,1.0,2005.0,4.0,2002.0,3.0,2006.0,0.0,2000.0,4.0,2007.0,2.0,1999.0,1.0,2008.0,2.0,1997.0,1.0,2010.0,3.0,1995.0,1.0,2011.0,3.0,1994.0,0.0,2012.0,2.0,1993.0,0.0,2013.0,1.0,1992.0,0.0,2014.0,3.0,1991.0,0.0
304cde18-7698-449f-a88c-1208ecf57e72,,1,6655f7ea3602dae1c7cfe4c3,NOISE_ecccce90-1187-4297-9eb6-6a997eb44599,1.0,2004.0,1.0,2004.0,1.0,2003.0,1.0,2005.0,4.0,2002.0,3.0,2006.0,0.0,2000.0,4.0,2007.0,2.0,1999.0,1.0,2008.0,2.0,1997.0,1.0,2010.0,3.0,1995.0,1.0,2011.0,3.0,1994.0,0.0,2012.0,2.0,1993.0,0.0,2013.0,1.0,1992.0,0.0,2014.0,3.0,1991.0,0.0
304cde18-7698-449f-a88c-1208ecf57e72,,1,6655f7ea3602dae1c7cfe4c5,NOISE_ecccce90-1187-4297-9eb6-6a997eb44599,,,,2004.0,1.0,2003.0,1.0,2005.0,4.0,2002.0,3.0,2006.0,0.0,2000.0,4.0,2007.0,2.0,1999.0,1.0,2008.0,2.0,1997.0,1.0,2010.0,3.0,1995.0,1.0,2011.0,3.0,1994.0,0.0,2012.0,2.0,1993.0,0.0,2013.0,1.0,1992.0,0.0,2014.0,3.0,1991.0,0.0
304cde18-7698-449f-a88c-1208ecf57e72,,1,6655f7ea3602dae1c7cfe4c6,NOISE_ecccce90-1187-4297-9eb6-6a997eb44599,1.0,2012.0,-1.0,2004.0,1.0,2003.0,1.0,2005.0,4.0,2002.0,3.0,2006.0,0.0,2000.0,4.0,2007.0,2.0,1999.0,1.0,2008.0,2.0,1997.0,1.0,2010.0,3.0,1995.0,1.0,2011.0,3.0,1994.0,0.0,2012.0,3.0,1993.0,0.0,2013.0,1.0,1992.0,0.0,2014.0,3.0,1991.0,0.0
304cde18-7698-449f-a88c-1208ecf57e72,,1,6655f7eb3602dae1c7cfe4ca,NOISE_ecccce90-1187-4297-9eb6-6a997eb44599,1.0,2013.0,-1.0,2004.0,1.0,2003.0,1.0,2005.0,4.0,2002.0,3.0,2006.0,0.0,2000.0,4.0,2007.0,2.0,1999.0,1.0,2008.0,2.0,1997.0,1.0,2010.0,3.0,1995.0,1.0,2011.0,3.0,1994.0,0.0,2012.0,3.0,1993.0,0.0,2013.0,2.0,1992.0,0.0,2014.0,3.0,1991.0,0.0
304cde18-7698-449f-a88c-1208ecf57e72,,1,6655f7eb3602dae1c7cfe4cd,NOISE_ecccce90-1187-4297-9eb6-6a997eb44599,1.0,2001.0,1.0,2004.0,1.0,2003.0,1.0,2005.0,4.0,2002.0,3.0,2006.0,0.0,2001.0,1.0,2007.0,2.0,2000.0,4.0,2008.0,2.0,1999.0,1.0,2010.0,3.0,1997.0,1.0,2011.0,3.0,1995.0,1.0,2012.0,3.0,1994.0,0.0,2013.0,2.0,1993.0,0.0,2014.0,3.0,1992.0,0.0
304cde18-7698-449f-a88c-1208ecf57e72,,1,6655f7ec3602dae1c7cfe4d1,NOISE_ecccce90-1187-4297-9eb6-6a997eb44599,1.0,2011.0,-1.0,2004.0,1.0,2003.0,1.0,2005.0,4.0,2002.0,3.0,2006.0,0.0,2001.0,1.0,2007.0,2.0,2000.0,4.0,2008.0,2.0,1999.0,1.0,2010.0,3.0,1997.0,1.0,2011.0,3.0,1995.0,1.0,2012.0,3.0,1994.0,0.0,2013.0,2.0,1993.0,0.0,2014.0,3.0,1992.0,0.0
304cde18-7698-449f-a88c-1208ecf57e72,,1,6655f7ec3602dae1c7cfe4d3,NOISE_ecccce90-1187-4297-9eb6-6a997eb44599,,,,2004.0,1.0,2003.0,1.0,2005.0,4.0,2002.0,3.0,2006.0,0.0,2001.0,1.0,2007.0,2.0,2000.0,4.0,2008.0,2.0,1999.0,1.0,2010.0,3.0,1997.0,1.0,2011.0,3.0,1995.0,1.0,2012.0,3.0,1994.0,0.0,2013.0,2.0,1993.0,0.0,2014.0,3.0,1992.0,0.0
304cde18-7698-449f-a88c-1208ecf57e72,,1,6655f7ed3602dae1c7cfe4d6,NOISE_ecccce90-1187-4297-9eb6-6a997eb44599,1.0,2003.0,-1.0,2004.0,1.0,2002.0,3.0,2005.0,4.0,2001.0,1.0,2006.0,0.0,2000.0,4.0,2007.0,2.0,1999.0,1.0,2008.0,2.0,1997.0,1.0,2010.0,3.0,1995.0,1.0,2011.0,3.0,1994.0,0.0,2012.0,3.0,1993.0,0.0,2013.0,2.0,1992.0,0.0,2014.0,3.0,1991.0,0.0
304cde18-7698-449f-a88c-1208ecf57e72,,1,6655f7ed3602dae1c7cfe4d9,NOISE_ecccce90-1187-4297-9eb6-6a997eb44599,1.0,2003.0,-1.0,2005.0,4.0,2002.0,3.0,2006.0,0.0,2001.0,1.0,2007.0,2.0,2000.0,4.0,2008.0,2.0,1999.0,1.0,2009.0,0.0,1997.0,1.0,2010.0,3.0,1995.0,1.0,2011.0,3.0,1994.0,0.0,2012.0,3.0,1993.0,0.0,2013.0,2.0,1992.0,0.0,2014.0,3.0,1991.0,0.0
304cde18-7698-449f-a88c-1208ecf57e72,,1,6655f7ee3602dae1c7cfe4dd,NOISE_ecccce90-1187-4297-9eb6-6a997eb44599,1.0,2004.0,1.0,2005.0,4.0,2002.0,3.0,2006.0,0.0,2001.0,1.0,2007.0,2.0,2000.0,4.0,2008.0,2.0,1999.0,1.0,2009.0,0.0,1998.0,1.0,2010.0,3.0,1997.0,1.0,2011.0,3.0,1995.0,1.0,2012.0,3.0,1994.0,0.0,2013.0,2.0,1993.0,0.0,2014.0,3.0,1992.0,0.0
304cde18-7698-449f-a88c-1208ecf57e72,,1,6655f7ee3602dae1c7cfe4e0,NOISE_ecccce90-1187-4297-9eb6-6a997eb44599,1.0,1998.0,1.0,2005.0,4.0,2002.0,4.0,2006.0,0.0,2001.0,1.0,2007.0,2.0,2000.0,4.0,2008.0,2.0,1999.0,1.0,2009.0,0.0,1998.0,1.0,2010.0,3.0,1997.0,1.0,2011.0,3.0,1995.0,1.0,2012.0,3.0,1994.0,0.0,2013.0,2.0,1993.0,0.0,2014.0,3.0,1992.0,0.0
304cde18-7698-449f-a88c-1208ecf57e72,,1,6655f7ef3602dae1c7cfe4e2,NOISE_ecccce90-1187-4297-9eb6-6a997eb44599,1.0,2004.0,1.0,2005.0,4.0,2002.0,4.0,2006.0,0.0,2001.0,1.0,2007.0,2.0,2000.0,4.0,2008.0,2.0,1998.0,1.0,2009.0,0.0,1997.0,1.0,2010.0,3.0,1995.0,1.0,2011.0,3.0,1994.0,0.0,2012.0,3.0,1993.0,0.0,2013.0,2.0,1992.0,0.0,2014.0,3.0,1991.0,0.0
304cde18-7698-449f-a88c-1208ecf57e72,,1,6655f7ef3602dae1c7cfe4e3,NOISE_ecccce90-1187-4297-9eb6-6a997eb44599,1.0,2002.0,1.0,2005.0,4.0,2002.0,4.0,2006.0,0.0,2001.0,1.0,2007.0,2.0,2000.0,4.0,2008.0,2.0,1998.0,1.0,2009.0,0.0,1997.0,1.0,2010.0,3.0,1995.0,1.0,2011.0,3.0,1994.0,0.0,2012.0,3.0,1993.0,0.0,2013.0,2.0,1992.0,0.0,2014.0,3.0,1991.0,0.0
304cde18-7698-449f-a88c-1208ecf57e72,,1,6655f7f03602dae1c7cfe4e7,NOISE_ecccce90-1187-4297-9eb6-6a997eb44599,,,,2005.0,4.0,2002.0,4.0,2006.0,0.0,2001.0,1.0,2007.0,2.0,2000.0,4.0,2008.0,2.0,1998.0,1.0,2009.0,0.0,1997.0,1.0,2010.0,3.0,1995.0,1.0,2011.0,4.0,1994.0,0.0,2012.0,3.0,1993.0,0.0,2013.0,2.0,1992.0,0.0,2014.0,3.0,1991.0,0.0
304cde18-7698-449f-a88c-1208ecf57e72,,1,6655f7f03602dae1c7cfe4e9,NOISE_ecccce90-1187-4297-9eb6-6a997eb44599,1.0,2011.0,-1.0,2005.0,4.0,2002.0,4.0,2006.0,0.0,2001.0,1.0,2007.0,2.0,2000.0,4.0,2008.0,2.0,1998.0,1.0,2009.0,0.0,1997.0,1.0,2010.0,3.0,1995.0,1.0,2011.0,4.0,1994.0,0.0,2012.0,3.0,1993.0,0.0,2013.0,2.0,1992.0,0.0,2014.0,3.0,1991.0,0.0
304cde18-7698-449f-a88c-1208ecf57e72,,1,6655f7f13602dae1c7cfe4eb,NOISE_ecccce90-1187-4297-9eb6-6a997eb44599,,,,2005.0,4.0,2002.0,4.0,2006.0,1.0,2001.0,1.0,2007.0,2.0,2000.0,3.0,2008.0,2.0,1998.0,1.0,2009.0,0.0,1997.0,1.0,2010.0,3.0,1995.0,1.0,2011.0,4.0,1994.0,0.0,2012.0,3.0,1993.0,0.0,2013.0,2.0,1992.0,0.0,2014.0,3.0,1991.0,0.0
304cde18-7698-449f-a88c-1208ecf57e72,,1,6655f7f13602dae1c7cfe4ef,NOISE_ecccce90-1187-4297-9eb6-6a997eb44599,1.0,2006.0,-1.0,2005.0,4.0,2002.0,4.0,2006.0,1.0,2001.0,1.0,2007.0,2.0,2000.0,3.0,2008.0,2.0,1998.0,1.0,2009.0,0.0,1997.0,1.0,2010.0,3.0,1995.0,1.0,2011.0,4.0,1994.0,0.0,2012.0,3.0,1993.0,0.0,2013.0,2.0,1992.0,0.0,2014.0,3.0,1991.0,0.0
304cde18-7698-449f-a88c-1208ecf57e72,,1,6655f7f13602dae1c7cfe4f2,NOISE_ecccce90-1187-4297-9eb6-6a997eb44599,1.0,2008.0,-1.0,2005.0,4.0,2002.0,4.0,2006.0,1.0,2001.0,1.0,2007.0,2.0,2000.0,3.0,2008.0,3.0,1998.0,1.0,2009.0,0.0,1997.0,1.0,2010.0,3.0,1995.0,1.0,2011.0,4.0,1994.0,0.0,2012.0,3.0,1993.0,0.0,2013.0,2.0,1992.0,0.0,2014.0,3.0,1991.0,0.0
304cde18-7698-449f-a88c-1208ecf57e72,,1,6655f7f13602dae1c7cfe4f8,NOISE_ecccce90-1187-4297-9eb6-6a997eb44599,1.0,2012.0,-1.0,2005.0,4.0,2002.0,4.0,2006.0,1.0,2001.0,1.0,2007.0,2.0,2000.0,3.0,2008.0,3.0,1998.0,1.0,2009.0,0.0,1997.0,1.0,2010.0,3.0,1995.0,1.0,2011.0,4.0,1994.0,0.0,2012.0,4.0,1993.0,0.0,2013.0,2.0,1992.0,0.0,2014.0,3.0,1991.0,0.0
304cde18-7698-449f-a88c-1208ecf57e72,,1,6655f7f23602dae1c7cfe4fa,NOISE_ecccce90-1187-4297-9eb6-6a997eb44599,1.0,2003.0,1.0,2005.0,4.0,2003.0,1.0,2006.0,1.0,2002.0,4.0,2007.0,2.0,2001.0,1.0,2008.0,3.0,2000.0,3.0,2009.0,0.0,1998.0,1.0,2010.0,3.0,1997.0,1.0,2011.0,4.0,1995.0,1.0,2012.0,4.0,1994.0,0.0,2013.0,2.0,1993.0,0.0,2014.0,3.0,1992.0,0.0
304cde18-7698-449f-a88c-1208ecf57e72,,1,6655f7f33602dae1c7cfe4fe,NOISE_ecccce90-1187-4297-9eb6-6a997eb44599,1.0,2004.0,-1.0,2004.0,2.0,2003.0,1.0,2005.0,4.0,2002.0,4.0,2006.0,1.0,2001.0,1.0,2007.0,2.0,2000.0,3.0,2008.0,3.0,1998.0,1.0,2010.0,3.0,1997.0,1.0,2011.0,4.0,1995.0,1.0,2012.0,4.0,1994.0,0.0,2013.0,2.0,1993.0,0.0,2014.0,3.0,1992.0,0.0
304cde18-7698-449f-a88c-1208ecf57e72,,1,6655f7f53602dae1c7cfe501,NOISE_ecccce90-1187-4297-9eb6-6a997eb44599,1.0,2004.0,-1.0,2004.0,2.0,2002.0,4.0,2005.0,4.0,2001.0,1.0,2006.0,1.0,2000.0,3.0,2007.0,2.0,1998.0,1.0,2008.0,3.0,1997.0,1.0,2010.0,3.0,1995.0,1.0,2011.0,4.0,1994.0,0.0,2012.0,4.0,1993.0,0.0,2013.0,2.0,1992.0,0.0,2014.0,3.0,1991.0,0.0
304cde18-7698-449f-a88c-1208ecf57e72,,1,6655f7f73602dae1c7cfe507,NOISE_ecccce90-1187-4297-9eb6-6a997eb44599,1.0,2003.0,-1.0,2003.0,2.0,2002.0,4.0,2004.0,2.0,2001.0,1.0,2005.0,4.0,2000.0,3.0,2006.0,1.0,1998.0,1.0,2007.0,2.0,1997.0,1.0,2008.0,3.0,1995.0,1.0,2010.0,2.0,1994.0,0.0,2011.0,4.0,1993.0,0.0,2012.0,4.0,1992.0,0.0,2013.0,2.0,1991.0,0.0
304cde18-7698-449f-a88c-1208ecf57e72,,1,6655f7f73602dae1c7cfe50a,NOISE_ecccce90-1187-4297-9eb6-6a997eb44599,1.0,2003.0,-1.0,2003.0,2.0,2002.0,4.0,2004.0,2.0,2001.0,1.0,2005.0,4.0,2000.0,3.0,2006.0,1.0,1998.0,1.0,2007.0,2.0,1997.0,1.0,2008.0,3.0,1995.0,1.0,2010.0,2.0,1994.0,0.0,2011.0,4.0,1993.0,0.0,2012.0,4.0,1992.0,0.0,2013.0,2.0,1991.0,0.0
304cde18-7698-449f-a88c-1208ecf57e72,,1,6655f7f73602dae1c7cfe50d,NOISE_ecccce90-1187-4297-9eb6-6a997eb44599,,,,2003.0,2.0,2002.0,4.0,2004.0,2.0,2001.0,1.0,2005.0,4.0,2000.0,3.0,2006.0,1.0,1998.0,1.0,2007.0,2.0,1997.0,1.0,2008.0,3.0,1995.0,1.0,2010.0,2.0,1994.0,0.0,2011.0,4.0,1993.0,0.0,2012.0,4.0,1992.0,0.0,2013.0,2.0,1991.0,0.0
304cde18-7698-449f-a88c-1208ecf57e72,,1,6655f7f83602dae1c7cfe510,NOISE_ecccce90-1187-4297-9eb6-6a997eb44599,1.0,2003.0,-1.0,2003.0,3.0,2002.0,4.0,2004.0,2.0,2001.0,1.0,2005.0,4.0,2000.0,3.0,2006.0,1.0,1998.0,1.0,2007.0,2.0,1997.0,1.0,2008.0,3.0,1995.0,1.0,2010.0,2.0,1994.0,0.0,2011.0,4.0,1993.0,0.0,2012.0,4.0,1992.0,0.0,2013.0,2.0,1991.0,0.0
304cde18-7698-449f-a88c-1208ecf57e72,,1,6655f7f83602dae1c7cfe513,NOISE_ecccce90-1187-4297-9eb6-6a997eb44599,1.0,2003.0,-1.0,2003.0,3.0,2002.0,4.0,2004.0,2.0,2001.0,1.0,2005.0,4.0,2000.0,3.0,2006.0,1.0,1998.0,1.0,2007.0,2.0,1997.0,1.0,2008.0,3.0,1995.0,1.0,2010.0,2.0,1994.0,0.0,2011.0,4.0,1993.0,0.0,2012.0,4.0,1992.0,0.0,2013.0,2.0,1991.0,0.0
304cde18-7698-449f-a88c-1208ecf57e72,,1,6655f7f83602dae1c7cfe516,NOISE_ecccce90-1187-4297-9eb6-6a997eb44599,1.0,1993.0,1.0,2003.0,1.0,2002.0,4.0,2004.0,2.0,2001.0,1.0,2005.0,4.0,2000.0,3.0,2006.0,1.0,1998.0,1.0,2007.0,2.0,1997.0,1.0,2008.0,3.0,1995.0,1.0,2010.0,2.0,1993.0,1.0,2011.0,4.0,1992.0,0.0,2012.0,4.0,1991.0,0.0,2013.0,2.0,1990.0,0.0
304cde18-7698-449f-a88c-1208ecf57e72,,1,6655f7f83602dae1c7cfe51b,NOISE_ecccce90-1187-4297-9eb6-6a997eb44599,1.0,2003.0,1.0,2003.0,1.0,2002.0,4.0,2004.0,2.0,2001.0,1.0,2005.0,4.0,2000.0,3.0,2006.0,1.0,1998.0,1.0,2007.0,2.0,1997.0,1.0,2008.0,3.0,1995.0,1.0,2010.0,2.0,1993.0,1.0,2011.0,4.0,1992.0,0.0,2012.0,4.0,1991.0,0.0,2013.0,2.0,1990.0,0.0
304cde18-7698-449f-a88c-1208ecf57e72,,1,6655f7f93602dae1c7cfe51c,NOISE_ecccce90-1187-4297-9eb6-6a997eb44599,1.0,2003.0,1.0,2003.0,1.0,2002.0,4.0,2004.0,3.0,2001.0,1.0,2005.0,4.0,2000.0,3.0,2006.0,1.0,1998.0,1.0,2007.0,2.0,1997.0,1.0,2008.0,3.0,1995.0,1.0,2010.0,2.0,1993.0,1.0,2011.0,4.0,1992.0,0.0,2012.0,4.0,1991.0,0.0,2013.0,2.0,1990.0,0.0
304cde18-7698-449f-a88c-1208ecf57e72,,1,6655f7f93602dae1c7cfe51f,NOISE_ecccce90-1187-4297-9eb6-6a997eb44599,1.0,2004.0,-1.0,2004.0,3.0,2003.0,1.0,2005.0,4.0,2002.0,4.0,2006.0,1.0,2001.0,1.0,2007.0,2.0,2000.0,3.0,2008.0,3.0,1998.0,1.0,2010.0,2.0,1997.0,1.0,2011.0,4.0,1995.0,1.0,2012.0,4.0,1993.0,1.0,2013.0,2.0,1992.0,0.0,2014.0,3.0,1991.0,0.0
304cde18-7698-449f-a88c-1208ecf57e72,,1,6655f7f93602dae1c7cfe522,NOISE_ecccce90-1187-4297-9eb6-6a997eb44599,1.0,2003.0,1.0,2004.0,3.0,2003.0,1.0,2005.0,4.0,2002.0,4.0,2006.0,1.0,2001.0,1.0,2007.0,2.0,2000.0,3.0,2008.0,3.0,1998.0,2.0,2010.0,2.0,1997.0,1.0,2011.0,4.0,1995.0,1.0,2012.0,4.0,1993.0,1.0,2013.0,2.0,1992.0,0.0,2014.0,3.0,1991.0,0.0
304cde18-7698-449f-a88c-1208ecf57e72,,1,6655f7f93602dae1c7cfe525,NOISE_ecccce90-1187-4297-9eb6-6a997eb44599,1.0,1998.0,1.0,2004.0,3.0,2003.0,1.0,2005.0,4.0,2002.0,4.0,2006.0,1.0,2001.0,1.0,2007.0,2.0,2000.0,3.0,2008.0,3.0,1998.0,2.0,2010.0,2.0,1997.0,1.0,2011.0,4.0,1995.0,1.0,2012.0,4.0,1993.0,1.0,2013.0,2.0,1992.0,0.0,2014.0,3.0,1991.0,0.0
304cde18-7698-449f-a88c-1208ecf57e72,,1,6655f7f93602dae1c7cfe526,NOISE_ecccce90-1187-4297-9eb6-6a997eb44599,1.0,2003.0,1.0,2004.0,3.0,2003.0,1.0,2005.0,4.0,2002.0,4.0,2006.0,1.0,2001.0,1.0,2007.0,2.0,2000.0,3.0,2008.0,3.0,1998.0,2.0,2010.0,2.0,1997.0,1.0,2011.0,4.0,1995.0,1.0,2012.0,4.0,1993.0,1.0,2013.0,2.0,1992.0,0.0,2014.0,3.0,1991.0,0.0
304cde18-7698-449f-a88c-1208ecf57e72,,1,6655f7fa3602dae1c7cfe529,NOISE_ecccce90-1187-4297-9eb6-6a997eb44599,1.0,2006.0,-1.0,2004.0,3.0,2003.0,1.0,2005.0,4.0,2002.0,4.0,2006.0,2.0,2001.0,1.0,2007.0,2.0,2000.0,3.0,2008.0,3.0,1998.0,2.0,2010.0,2.0,1997.0,1.0,2011.0,4.0,1995.0,1.0,2012.0,4.0,1993.0,1.0,2013.0,2.0,1992.0,0.0,2014.0,3.0,1991.0,0.0
304cde18-7698-449f-a88c-1208ecf57e72,,1,6655f7fa3602dae1c7cfe52e,NOISE_ecccce90-1187-4297-9eb6-6a997eb44599,1.0,2003.0,-1.0,2003.0,1.0,2002.0,4.0,2004.0,3.0,2001.0,1.0,2005.0,4.0,2000.0,3.0,2006.0,2.0,1998.0,2.0,2007.0,2.0,1997.0,1.0,2008.0,3.0,1995.0,1.0,2010.0,2.0,1993.0,1.0,2011.0,4.0,1992.0,0.0,2012.0,4.0,1991.0,0.0,2013.0,2.0,1990.0,0.0
304cde18-7698-449f-a88c-1208ecf57e72,,1,6655f7fb3602dae1c7cfe531,NOISE_ecccce90-1187-4297-9eb6-6a997eb44599,1.0,2003.0,-1.0,2003.0,1.0,2002.0,5.0,2004.0,3.0,2001.0,1.0,2005.0,4.0,2000.0,3.0,2006.0,2.0,1998.0,2.0,2007.0,2.0,1997.0,1.0,2008.0,3.0,1995.0,1.0,2010.0,2.0,1993.0,1.0,2011.0,4.0,1992.0,0.0,2012.0,4.0,1991.0,0.0,2013.0,2.0,1990.0,0.0
304cde18-7698-449f-a88c-1208ecf57e72,,1,6655f7fb3602dae1c7cfe532,NOISE_ecccce90-1187-4297-9eb6-6a997eb44599,1.0,2002.0,1.0,2003.0,1.0,2002.0,5.0,2004.0,3.0,2001.0,1.0,2005.0,4.0,2000.0,3.0,2006.0,2.0,1998.0,2.0,2007.0,2.0,1997.0,1.0,2008.0,3.0,1995.0,1.0,2010.0,2.0,1993.0,1.0,2011.0,4.0,1992.0,0.0,2012.0,4.0,1991.0,0.0,2013.0,2.0,1990.0,0.0
304cde18-7698-449f-a88c-1208ecf57e72,,1,6655f7fb3602dae1c7cfe535,NOISE_ecccce90-1187-4297-9eb6-6a997eb44599,,,,2003.0,1.0,2002.0,5.0,2004.0,3.0,2001.0,1.0,2005.0,4.0,2000.0,3.0,2006.0,2.0,1998.0,2.0,2007.0,2.0,1997.0,1.0,2008.0,3.0,1996.0,0.0,2010.0,2.0,1995.0,0.0,2011.0,4.0,1994.0,0.0,2012.0,4.0,1993.0,0.0,2013.0,2.0,1992.0,0.0
304cde18-7698-449f-a88c-1208ecf57e72,,1,6655f7fc3602dae1c7cfe537,NOISE_ecccce90-1187-4297-9eb6-6a997eb44599,,,,2003.0,1.0,2002.0,5.0,2004.0,3.0,2001.0,1.0,2005.0,4.0,2000.0,3.0,2006.0,3.0,1998.0,2.0,2007.0,2.0,1997.0,1.0,2008.0,3.0,1996.0,0.0,2010.0,2.0,1995.0,0.0,2011.0,4.0,1994.0,0.0,2012.0,5.0,1993.0,0.0,2013.0,2.0,1992.0,0.0
304cde18-7698-449f-a88c-1208ecf57e72,,1,6655f7fc3602dae1c7cfe53a,NOISE_ecccce90-1187-4297-9eb6-6a997eb44599,1.0,2006.0,-1.0,2003.0,1.0,2002.0,5.0,2004.0,3.0,2001.0,1.0,2005.0,4.0,2000.0,3.0,2006.0,3.0,1998.0,2.0,2007.0,2.0,1997.0,1.0,2008.0,3.0,1996.0,0.0,2010.0,2.0,1995.0,0.0,2011.0,4.0,1994.0,0.0,2012.0,5.0,1993.0,0.0,2013.0,2.0,1992.0,0.0
304cde18-7698-449f-a88c-1208ecf57e72,,1,6655f7fc3602dae1c7cfe53c,NOISE_ecccce90-1187-4297-9eb6-6a997eb44599,1.0,2012.0,-1.0,2003.0,1.0,2002.0,5.0,2004.0,3.0,2001.0,1.0,2005.0,4.0,2000.0,3.0,2006.0,3.0,1998.0,2.0,2007.0,2.0,1997.0,1.0,2008.0,3.0,1996.0,0.0,2010.0,2.0,1995.0,0.0,2011.0,4.0,1994.0,0.0,2012.0,5.0,1993.0,0.0,2013.0,2.0,1992.0,0.0
304cde18-7698-449f-a88c-1208ecf57e72,,1,6655f7fd3602dae1c7cfe540,NOISE_ecccce90-1187-4297-9eb6-6a997eb44599,1.0,2006.0,-1.0,2003.0,2.0,2002.0,5.0,2004.0,3.0,2001.0,1.0,2005.0,4.0,2000.0,3.0,2006.0,4.0,1998.0,2.0,2007.0,2.0,1997.0,1.0,2008.0,3.0,1996.0,0.0,2010.0,2.0,1995.0,0.0,2011.0,4.0,1994.0,0.0,2012.0,5.0,1993.0,0.0,2013.0,2.0,1992.0,0.0
304cde18-7698-449f-a88c-1208ecf57e72,,1,6655f7fd3602dae1c7cfe543,NOISE_ecccce90-1187-4297-9eb6-6a997eb44599,1.0,2003.0,-1.0,2003.0,2.0,2002.0,5.0,2004.0,3.0,2001.0,1.0,2005.0,4.0,2000.0,3.0,2006.0,4.0,1998.0,2.0,2007.0,2.0,1997.0,1.0,2008.0,3.0,1996.0,0.0,2010.0,2.0,1995.0,0.0,2011.0,4.0,1994.0,0.0,2012.0,5.0,1993.0,0.0,2013.0,2.0,1992.0,0.0
304cde18-7698-449f-a88c-1208ecf57e72,,1,6655f7fd3602dae1c7cfe544,NOISE_ecccce90-1187-4297-9eb6-6a997eb44599,1.0,1999.0,1.0,2003.0,2.0,2002.0,5.0,2004.0,3.0,2001.0,1.0,2005.0,4.0,2000.0,3.0,2006.0,4.0,1999.0,1.0,2007.0,2.0,1998.0,2.0,2008.0,3.0,1997.0,1.0,2010.0,2.0,1996.0,0.0,2011.0,4.0,1995.0,0.0,2012.0,5.0,1994.0,0.0,2013.0,2.0,1993.0,0.0
304cde18-7698-449f-a88c-1208ecf57e72,,1,6655f7fe3602dae1c7cfe54a,NOISE_ecccce90-1187-4297-9eb6-6a997eb44599,1.0,2002.0,-1.0,2003.0,2.0,2002.0,3.0,2004.0,3.0,2001.0,1.0,2005.0,4.0,2000.0,3.0,2006.0,4.0,1999.0,1.0,2007.0,2.0,1998.0,2.0,2008.0,3.0,1997.0,1.0,2010.0,2.0,1996.0,0.0,2011.0,4.0,1995.0,0.0,2012.0,5.0,1994.0,0.0,2013.0,2.0,1993.0,0.0
304cde18-7698-449f-a88c-1208ecf57e72,,1,6655f7fe3602dae1c7cfe54d,NOISE_ecccce90-1187-4297-9eb6-6a997eb44599,1.0,2002.0,-1.0,2004.0,3.0,2002.0,3.0,2005.0,4.0,2001.0,1.0,2006.0,4.0,2000.0,3.0,2007.0,2.0,1999.0,1.0,2008.0,3.0,1998.0,2.0,2010.0,2.0,1997.0,1.0,2011.0,4.0,1996.0,0.0,2012.0,5.0,1995.0,0.0,2013.0,2.0,1994.0,0.0,2014.0,3.0,1993.0,0.0
304cde18-7698-449f-a88c-1208ecf57e72,,1,6655f7ff3602dae1c7cfe553,NOISE_ecccce90-1187-4297-9eb6-6a997eb44599,1.0,2003.0,1.0,2004.0,3.0,2002.0,3.0,2005.0,4.0,2001.0,1.0,2006.0,4.0,2000.0,3.0,2007.0,2.0,1999.0,1.0,2008.0,3.0,1998.0,2.0,2010.0,2.0,1997.0,1.0,2011.0,4.0,1996.0,1.0,2012.0,5.0,1995.0,0.0,2013.0,2.0,1994.0,0.0,2014.0,3.0,1993.0,0.0
304cde18-7698-449f-a88c-1208ecf57e72,,1,6655f7ff3602dae1c7cfe554,NOISE_ecccce90-1187-4297-9eb6-6a997eb44599,1.0,2003.0,1.0,2004.0,3.0,2002.0,3.0,2005.0,4.0,2001.0,1.0,2006.0,4.0,2000.0,3.0,2007.0,2.0,1999.0,1.0,2008.0,3.0,1998.0,2.0,2010.0,2.0,1997.0,1.0,2011.0,4.0,1996.0,1.0,2012.0,5.0,1995.0,0.0,2013.0,2.0,1994.0,0.0,2014.0,3.0,1993.0,0.0
304cde18-7698-449f-a88c-1208ecf57e72,,1,6655f8003602dae1c7cfe556,NOISE_ecccce90-1187-4297-9eb6-6a997eb44599,1.0,1996.0,1.0,2004.0,3.0,2002.0,3.0,2005.0,4.0,2001.0,1.0,2006.0,4.0,2000.0,3.0,2007.0,2.0,1999.0,1.0,2008.0,3.0,1998.0,2.0,2010.0,2.0,1997.0,1.0,2011.0,4.0,1996.0,1.0,2012.0,5.0,1995.0,0.0,2013.0,2.0,1994.0,0.0,2014.0,3.0,1993.0,0.0
304cde18-7698-449f-a88c-1208ecf57e72,,1,6655f8003602dae1c7cfe55b,NOISE_ecccce90-1187-4297-9eb6-6a997eb44599,1.0,2003.0,1.0,2004.0,3.0,2003.0,2.0,2005.0,4.0,2002.0,3.0,2006.0,4.0,2001.0,1.0,2007.0,2.0,2000.0,3.0,2008.0,3.0,1999.0,1.0,2010.0,2.0,1998.0,2.0,2011.0,4.0,1997.0,1.0,2012.0,5.0,1996.0,1.0,2013.0,2.0,1995.0,0.0,2014.0,3.0,1994.0,0.0
304cde18-7698-449f-a88c-1208ecf57e72,,1,6655f8003602dae1c7cfe55e,NOISE_ecccce90-1187-4297-9eb6-6a997eb44599,1.0,2003.0,1.0,2004.0,3.0,2003.0,2.0,2005.0,4.0,2002.0,3.0,2006.0,4.0,2001.0,1.0,2007.0,2.0,2000.0,3.0,2008.0,3.0,1999.0,1.0,2010.0,2.0,1998.0,2.0,2011.0,4.0,1997.0,1.0,2012.0,5.0,1996.0,1.0,2013.0,2.0,1995.0,0.0,2014.0,3.0,1994.0,0.0
304cde18-7698-449f-a88c-1208ecf57e72,,1,6655f8013602dae1c7cfe562,NOISE_ecccce90-1187-4297-9eb6-6a997eb44599,1.0,1994.0,1.0,2004.0,3.0,2003.0,3.0,2005.0,4.0,2002.0,4.0,2006.0,4.0,2001.0,1.0,2007.0,2.0,2000.0,3.0,2008.0,3.0,1999.0,1.0,2010.0,2.0,1998.0,2.0,2011.0,4.0,1997.0,1.0,2012.0,5.0,1996.0,1.0,2013.0,2.0,1994.0,1.0,2014.0,3.0,1993.0,0.0
304cde18-7698-449f-a88c-1208ecf57e72,,1,6655f8013602dae1c7cfe564,INFORMED_855a076d-ae5e-40fa-8ede-2de5527f6975,1.0,2002.0,1.0,2004.0,3.0,2003.0,3.0,2005.0,4.0,2002.0,4.0,2006.0,4.0,2001.0,1.0,2007.0,2.0,2000.0,3.0,2008.0,3.0,1999.0,1.0,2010.0,2.0,1998.0,2.0,2011.0,4.0,1997.0,1.0,2012.0,5.0,1996.0,1.0,2013.0,2.0,1994.0,1.0,2014.0,3.0,1993.0,0.0
304cde18-7698-449f-a88c-1208ecf57e72,,1,6655f8013602dae1c7cfe566,NOISE_ecccce90-1187-4297-9eb6-6a997eb44599,1.0,2003.0,1.0,2004.0,3.0,2003.0,3.0,2005.0,4.0,2002.0,4.0,2006.0,4.0,2001.0,1.0,2007.0,2.0,2000.0,3.0,2008.0,3.0,1999.0,1.0,2010.0,2.0,1998.0,2.0,2011.0,4.0,1997.0,1.0,2012.0,5.0,1996.0,1.0,2013.0,2.0,1994.0,1.0,2014.0,3.0,1993.0,0.0
304cde18-7698-449f-a88c-1208ecf57e72,,1,6655f8023602dae1c7cfe569,NOISE_ecccce90-1187-4297-9eb6-6a997eb44599,1.0,2003.0,1.0,2004.0,3.0,2003.0,4.0,2005.0,4.0,2002.0,4.0,2006.0,4.0,2001.0,1.0,2007.0,2.0,2000.0,3.0,2008.0,3.0,1999.0,1.0,2010.0,2.0,1998.0,2.0,2011.0,4.0,1997.0,1.0,2012.0,5.0,1996.0,1.0,2013.0,2.0,1994.0,1.0,2014.0,3.0,1993.0,0.0
304cde18-7698-449f-a88c-1208ecf57e72,,1,6655f8023602dae1c7cfe56e,NOISE_ecccce90-1187-4297-9eb6-6a997eb44599,1.0,1995.0,1.0,2004.0,3.0,2003.0,2.0,2005.0,4.0,2002.0,4.0,2006.0,4.0,2001.0,1.0,2007.0,2.0,2000.0,3.0,2008.0,4.0,1999.0,1.0,2010.0,2.0,1998.0,2.0,2011.0,4.0,1997.0,1.0,2012.0,5.0,1996.0,1.0,2013.0,2.0,1995.0,1.0,2014.0,3.0,1994.0,1.0
304cde18-7698-449f-a88c-1208ecf57e72,,1,6655f8033602dae1c7cfe572,NOISE_ecccce90-1187-4297-9eb6-6a997eb44599,1.0,2008.0,-1.0,2004.0,3.0,2003.0,1.0,2005.0,4.0,2002.0,4.0,2006.0,4.0,2001.0,1.0,2007.0,2.0,2000.0,3.0,2008.0,4.0,1999.0,1.0,2010.0,2.0,1998.0,2.0,2011.0,4.0,1997.0,1.0,2012.0,5.0,1996.0,1.0,2013.0,2.0,1995.0,1.0,2014.0,3.0,1994.0,1.0
304cde18-7698-449f-a88c-1208ecf57e72,,1,6655f8033602dae1c7cfe574,NOISE_ecccce90-1187-4297-9eb6-6a997eb44599,,,,2004.0,3.0,2003.0,1.0,2005.0,4.0,2002.0,4.0,2006.0,4.0,2001.0,1.0,2007.0,2.0,2000.0,3.0,2008.0,4.0,1999.0,1.0,2010.0,2.0,1998.0,2.0,2011.0,4.0,1997.0,1.0,2012.0,5.0,1996.0,1.0,2013.0,2.0,1995.0,1.0,2014.0,3.0,1994.0,1.0
304cde18-7698-449f-a88c-1208ecf57e72,,1,6655f8043602dae1c7cfe57a,NOISE_ecccce90-1187-4297-9eb6-6a997eb44599,1.0,1997.0,1.0,2003.0,1.0,2002.0,4.0,2004.0,1.0,2001.0,1.0,2005.0,4.0,2000.0,3.0,2006.0,4.0,1999.0,1.0,2007.0,2.0,1998.0,2.0,2008.0,4.0,1997.0,2.0,2010.0,2.0,1996.0,1.0,2011.0,4.0,1995.0,1.0,2012.0,5.0,1994.0,1.0,2013.0,2.0,1993.0,0.0
304cde18-7698-449f-a88c-1208ecf57e72,,1,6655f8043602dae1c7cfe57b,NOISE_ecccce90-1187-4297-9eb6-6a997eb44599,1.0,2003.0,-1.0,2003.0,1.0,2002.0,4.0,2004.0,1.0,2001.0,1.0,2005.0,4.0,2000.0,3.0,2006.0,4.0,1999.0,1.0,2007.0,2.0,1998.0,2.0,2008.0,4.0,1997.0,2.0,2010.0,2.0,1996.0,1.0,2011.0,4.0,1995.0,1.0,2012.0,5.0,1994.0,1.0,2013.0,2.0,1993.0,0.0
304cde18-7698-449f-a88c-1208ecf57e72,,1,6655f8053602dae1c7cfe57f,NOISE_ecccce90-1187-4297-9eb6-6a997eb44599,1.0,2003.0,-1.0,2003.0,1.0,2002.0,4.0,2004.0,1.0,2001.0,1.0,2005.0,4.0,2000.0,3.0,2006.0,4.0,1999.0,1.0,2007.0,2.0,1998.0,2.0,2008.0,4.0,1997.0,2.0,2010.0,2.0,1996.0,1.0,2011.0,4.0,1995.0,1.0,2012.0,5.0,1994.0,1.0,2013.0,2.0,1993.0,0.0
304cde18-7698-449f-a88c-1208ecf57e72,,1,6655f8053602dae1c7cfe581,NOISE_ecccce90-1187-4297-9eb6-6a997eb44599,1.0,2003.0,-1.0,2003.0,1.0,2002.0,4.0,2004.0,1.0,2001.0,1.0,2005.0,4.0,2000.0,3.0,2006.0,4.0,1999.0,1.0,2007.0,2.0,1998.0,2.0,2008.0,4.0,1997.0,2.0,2010.0,2.0,1996.0,1.0,2011.0,4.0,1995.0,1.0,2012.0,5.0,1994.0,1.0,2013.0,2.0,1993.0,0.0
304cde18-7698-449f-a88c-1208ecf57e72,,1,6655f8053602dae1c7cfe584,NOISE_ecccce90-1187-4297-9eb6-6a997eb44599,1.0,2004.0,1.0,2003.0,1.0,2002.0,4.0,2004.0,1.0,2001.0,1.0,2005.0,4.0,2000.0,3.0,2006.0,4.0,1999.0,1.0,2007.0,2.0,1998.0,2.0,2008.0,4.0,1997.0,2.0,2010.0,2.0,1996.0,1.0,2011.0,4.0,1995.0,1.0,2012.0,5.0,1994.0,1.0,2013.0,2.0,1993.0,0.0
304cde18-7698-449f-a88c-1208ecf57e72,,1,6655f8063602dae1c7cfe585,NOISE_ecccce90-1187-4297-9eb6-6a997eb44599,1.0,2004.0,1.0,2003.0,1.0,2002.0,4.0,2004.0,1.0,2001.0,1.0,2005.0,4.0,2000.0,3.0,2006.0,4.0,1999.0,1.0,2007.0,2.0,1998.0,2.0,2008.0,4.0,1997.0,2.0,2010.0,2.0,1996.0,1.0,2011.0,4.0,1995.0,1.0,2012.0,5.0,1994.0,1.0,2013.0,2.0,1993.0,0.0
304cde18-7698-449f-a88c-1208ecf57e72,,1,6655f8073602dae1c7cfe58b,NOISE_ecccce90-1187-4297-9eb6-6a997eb44599,1.0,2003.0,-1.0,2003.0,1.0,2002.0,3.0,2004.0,1.0,2001.0,1.0,2005.0,4.0,2000.0,3.0,2006.0,4.0,1999.0,1.0,2007.0,3.0,1998.0,1.0,2008.0,4.0,1997.0,2.0,2010.0,2.0,1996.0,1.0,2011.0,4.0,1995.0,1.0,2012.0,5.0,1994.0,2.0,2013.0,2.0,1993.0,0.0
304cde18-7698-449f-a88c-1208ecf57e72,,1,6655f8073602dae1c7cfe58e,NOISE_ecccce90-1187-4297-9eb6-6a997eb44599,1.0,2007.0,-1.0,2004.0,1.0,2002.0,2.0,2005.0,4.0,2001.0,1.0,2006.0,4.0,2000.0,3.0,2007.0,3.0,1999.0,1.0,2008.0,4.0,1998.0,1.0,2010.0,2.0,1997.0,2.0,2011.0,4.0,1996.0,1.0,2012.0,5.0,1995.0,1.0,2013.0,2.0,1994.0,2.0,2014.0,3.0,1993.0,0.0
304cde18-7698-449f-a88c-1208ecf57e72,,1,6655f8073602dae1c7cfe591,NOISE_ecccce90-1187-4297-9eb6-6a997eb44599,1.0,1994.0,1.0,2004.0,1.0,2003.0,1.0,2005.0,4.0,2002.0,2.0,2006.0,4.0,2001.0,1.0,2007.0,3.0,2000.0,3.0,2008.0,4.0,1999.0,1.0,2010.0,2.0,1998.0,1.0,2011.0,4.0,1997.0,2.0,2012.0,5.0,1996.0,1.0,2013.0,2.0,1995.0,1.0,2014.0,3.0,1994.0,2.0
304cde18-7698-449f-a88c-1208ecf57e72,,1,6655f8083602dae1c7cfe592,NOISE_ecccce90-1187-4297-9eb6-6a997eb44599,,,,2004.0,1.0,2003.0,1.0,2005.0,4.0,2002.0,2.0,2006.0,4.0,2001.0,1.0,2007.0,3.0,2000.0,3.0,2008.0,4.0,1998.0,1.0,2010.0,2.0,1997.0,2.0,2011.0,4.0,1996.0,1.0,2012.0,5.0,1995.0,1.0,2013.0,2.0,1994.0,2.0,2014.0,3.0,1993.0,0.0
304cde18-7698-449f-a88c-1208ecf57e72,,1,6655f8093602dae1c7cfe59b,NOISE_ecccce90-1187-4297-9eb6-6a997eb44599,1.0,2003.0,1.0,2004.0,1.0,2002.0,1.0,2005.0,4.0,2001.0,2.0,2006.0,4.0,2000.0,3.0,2007.0,3.0,1998.0,1.0,2008.0,4.0,1997.0,2.0,2010.0,2.0,1996.0,1.0,2011.0,4.0,1995.0,1.0,2012.0,5.0,1994.0,2.0,2013.0,2.0,1993.0,0.0,2014.0,3.0,1992.0,0.0
304cde18-7698-449f-a88c-1208ecf57e72,,1,6655f8093602dae1c7cfe59e,NOISE_ecccce90-1187-4297-9eb6-6a997eb44599,,,,2004.0,1.0,2002.0,1.0,2005.0,4.0,2001.0,2.0,2006.0,4.0,2000.0,3.0,2007.0,3.0,1998.0,1.0,2008.0,4.0,1997.0,2.0,2010.0,2.0,1996.0,1.0,2011.0,4.0,1995.0,1.0,2012.0,5.0,1994.0,2.0,2013.0,2.0,1993.0,0.0,2014.0,3.0,1992.0,0.0
304cde18-7698-449f-a88c-1208ecf57e72,,1,6655f80a3602dae1c7cfe5a1,NOISE_ecccce90-1187-4297-9eb6-6a997eb44599,1.0,2002.0,-1.0,2003.0,2.0,2002.0,1.0,2004.0,1.0,2001.0,2.0,2005.0,4.0,2000.0,3.0,2006.0,4.0,1998.0,1.0,2007.0,3.0,1997.0,2.0,2008.0,4.0,1996.0,1.0,2010.0,2.0,1995.0,1.0,2011.0,4.0,1994.0,2.0,2012.0,5.0,1993.0,0.0,2013.0,2.0,1992.0,0.0
304cde18-7698-449f-a88c-1208ecf57e72,,1,6655f80a3602dae1c7cfe5a3,NOISE_ecccce90-1187-4297-9eb6-6a997eb44599,1.0,2002.0,-1.0,2003.0,2.0,2002.0,1.0,2004.0,1.0,2001.0,2.0,2005.0,4.0,2000.0,3.0,2006.0,4.0,1998.0,1.0,2007.0,3.0,1997.0,2.0,2008.0,4.0,1996.0,1.0,2010.0,2.0,1995.0,1.0,2011.0,4.0,1994.0,2.0,2012.0,5.0,1993.0,0.0,2013.0,2.0,1992.0,0.0
304cde18-7698-449f-a88c-1208ecf57e72,,1,6655f80a3602dae1c7cfe5a6,NOISE_ecccce90-1187-4297-9eb6-6a997eb44599,1.0,2003.0,1.0,2003.0,1.0,2002.0,1.0,2004.0,1.0,2001.0,2.0,2005.0,4.0,2000.0,3.0,2006.0,4.0,1998.0,1.0,2007.0,3.0,1997.0,2.0,2008.0,4.0,1996.0,1.0,2010.0,2.0,1995.0,1.0,2011.0,4.0,1994.0,2.0,2012.0,5.0,1993.0,0.0,2013.0,2.0,1992.0,0.0
304cde18-7698-449f-a88c-1208ecf57e72,,1,6655f80b3602dae1c7cfe5a9,,,,,2000.0,0.0,1999.0,0.0,2001.0,0.0,1998.0,0.0,2002.0,0.0,1997.0,0.0,2003.0,0.0,1996.0,0.0,2004.0,0.0,1995.0,0.0,2005.0,0.0,1994.0,0.0,2006.0,0.0,1993.0,0.0,2007.0,0.0,1992.0,0.0,2008.0,0.0,1991.0,0.0,2009.0,0.0,1990.0,0.0
304cde18-7698-449f-a88c-1208ecf57e72,,1,6655f80b3602dae1c7cfe5ab,NOISE_ecccce90-1187-4297-9eb6-6a997eb44599,1.0,2001.0,1.0,2000.0,0.0,1999.0,0.0,2001.0,0.0,1998.0,0.0,2002.0,0.0,1997.0,0.0,2003.0,0.0,1996.0,0.0,2004.0,0.0,1995.0,0.0,2005.0,0.0,1994.0,0.0,2006.0,0.0,1993.0,0.0,2007.0,0.0,1992.0,0.0,2008.0,0.0,1991.0,0.0,2009.0,0.0,1990.0,0.0
304cde18-7698-449f-a88c-1208ecf57e72,,1,6655f80b3602dae1c7cfe5ad,NOISE_ecccce90-1187-4297-9eb6-6a997eb44599,1.0,2003.0,-1.0,2000.0,0.0,1999.0,0.0,2001.0,0.0,1998.0,0.0,2002.0,0.0,1997.0,0.0,2003.0,0.0,1996.0,0.0,2004.0,0.0,1995.0,0.0,2005.0,0.0,1994.0,0.0,2006.0,0.0,1993.0,0.0,2007.0,0.0,1992.0,0.0,2008.0,0.0,1991.0,0.0,2009.0,0.0,1990.0,0.0
304cde18-7698-449f-a88c-1208ecf57e72,,1,6655f80c3602dae1c7cfe5b0,NOISE_ecccce90-1187-4297-9eb6-6a997eb44599,1.0,2003.0,-1.0,2000.0,0.0,1999.0,0.0,2001.0,0.0,1998.0,0.0,2002.0,0.0,1997.0,0.0,2003.0,0.0,1996.0,0.0,2004.0,0.0,1995.0,0.0,2005.0,0.0,1994.0,0.0,2006.0,0.0,1993.0,0.0,2007.0,0.0,1992.0,0.0,2008.0,0.0,1991.0,0.0,2009.0,0.0,1990.0,0.0
304cde18-7698-449f-a88c-1208ecf57e72,,1,6655f80c3602dae1c7cfe5b3,NOISE_ecccce90-1187-4297-9eb6-6a997eb44599,1.0,2002.0,-1.0,2000.0,0.0,1999.0,0.0,2001.0,0.0,1998.0,0.0,2002.0,0.0,1997.0,0.0,2003.0,0.0,1996.0,0.0,2004.0,0.0,1995.0,0.0,2005.0,0.0,1994.0,0.0,2006.0,0.0,1993.0,0.0,2007.0,0.0,1992.0,0.0,2008.0,0.0,1991.0,0.0,2009.0,0.0,1990.0,0.0
304cde18-7698-449f-a88c-1208ecf57e72,,1,6655f80c3602dae1c7cfe5b7,NOISE_ecccce90-1187-4297-9eb6-6a997eb44599,1.0,2002.0,-1.0,2000.0,0.0,1999.0,0.0,2001.0,0.0,1998.0,0.0,2002.0,0.0,1997.0,0.0,2003.0,0.0,1996.0,0.0,2004.0,0.0,1995.0,0.0,2005.0,0.0,1994.0,0.0,2006.0,0.0,1993.0,0.0,2007.0,0.0,1992.0,0.0,2008.0,0.0,1991.0,0.0,2009.0,0.0,1990.0,0.0
304cde18-7698-449f-a88c-1208ecf57e72,,1,6655f80c3602dae1c7cfe5ba,NOISE_ecccce90-1187-4297-9eb6-6a997eb44599,1.0,2004.0,1.0,2000.0,0.0,1999.0,0.0,2001.0,0.0,1998.0,0.0,2002.0,0.0,1997.0,0.0,2003.0,0.0,1996.0,0.0,2004.0,0.0,1995.0,0.0,2005.0,0.0,1994.0,0.0,2006.0,0.0,1993.0,0.0,2007.0,0.0,1992.0,0.0,2008.0,0.0,1991.0,0.0,2009.0,0.0,1990.0,0.0
304cde18-7698-449f-a88c-1208ecf57e72,,7,6655f80c3602dae1c7cfe5bc,,,,,2000.0,0.0,1999.0,0.0,2001.0,0.0,1998.0,0.0,2002.0,0.0,1997.0,0.0,2003.0,0.0,1996.0,0.0,2004.0,0.0,1995.0,0.0,2005.0,0.0,1994.0,0.0,2006.0,0.0,1993.0,0.0,2007.0,0.0,1992.0,0.0,2008.0,0.0,1991.0,0.0,2009.0,0.0,1990.0,0.0
